"Family_ID","Ref_ID","Class_ID","Country_ID","Germline_mutation","Family_code","Generations_analyzed","Total_tumor_number","Other_infos","MPT","AllClass"
4,1,6,54,"TP53","Bard94",2,4,"","2LFSMPT/3MPT","E1-B-CHOMP-MAG"
5,2,1,29,"TP53","Bir16",2,3,"updated from ref 86","2LFSMPT/3MPT","LFS-E2-E1-B-CHOMP-MAG"
6,2,1,29,"None","Bir-22",3,6,"updated from ref 86","2LFSMPT/3MPT","LFS-E2-E1-B-CHOMP-MAG"
7,2,1,29,"CHEK2","Bir-81",2,8,"updated with ref 92 & 86","2LFSMPT/3MPT","LFS-E2-E1-B-CHOMP"
8,2,1,29,"None","Bir-82",3,4,"updated from ref 86","","LFS-E1-B"
9,2,1,29,"TP53","Bir-83",3,7,"updated from ref 86","2LFSMPT","LFS-E2-E1-B-CHOMP-MAG"
10,2,1,29,"TP53","Bir-84",2,6,"updated from ref 86","2LFSMPT/3MPT","LFS-E2-E1-B-CHOMP-MAG"
11,2,1,29,"None","Bir-88",2,5,"updated from ref 86","","LFS-E2-E1-B-CHOMP"
12,2,1,29,"TP53","Bir117",4,15,"updated from ref 64 and 86","2LFSMPT/3MPT","LFS-E2-E1-B-CHOMP-MAG"
13,2,1,29,"None","Bir119",2,3,"","","LFS-E1-B-CHOMP"
14,2,1,29,"TP53","Bir-222",2,3,"updated from ref 86","2LFSMPT","LFS-E2-E1-B-CHOMP-MAG"
15,2,1,29,"TP53","Bir-266",2,7,"updated from ref 86","2LFSMPT/3MPT","LFS-E2-E1-B-CHOMP-MAG"
16,2,1,29,"TP53","Bir-267",2,5,"updated from ref 86","2LFSMPT/3MPT","LFS-E2-E1-B-CHOMP-MAG"
17,2,1,29,"None","Bir-80",3,7,"updated with ref 86","","LFS-E2-E1-B-CHOMP"
18,2,6,29,"TP53","Bir-85",3,5,"updated from ref 86","2LFSMPT/3MPT","E1-B-CHOMP-MAG"
19,2,6,29,"None","Bir-253",3,3,"updated from ref 86","","E1-B"
20,2,5,29,"None","Bir-328",2,4,"","","E2-E1-B-CHOMP-MAG"
21,2,5,29,"None","Bir-338",3,5,"","","E2-E1-B-CHOMP-MAG"
22,2,5,29,"None","Bir-348",3,8,"","","E2-E1-B-CHOMP"
23,2,6,29,"None","Bir-352",3,4,"","","E1-B"
24,2,4,29,"None","Bir-353",2,3,"","","B"
25,2,5,29,"None","Bir-729",3,3,"","","E2-E1-B-CHOMP"
26,3,7,21,"TP53","BorA",3,10,"","","E2-E1-MAG"
27,3,6,21,"TP53","BorB",3,7,"","2LFSMPT/3MPT","E1"
28,4,1,15,"TP53","Bru-231",3,4,"","2LFSMPT/3MPT","LFS-E2-E1-B-CHOMP-MAG"
29,4,5,15,"TP53","Bru-151",2,4,"","2LFSMPT","LFS-E2-E1-B-CHOMP-MAG"
30,4,1,15,"TP53","Bru-867",3,8,"","2LFSMPT/3MPT","LFS-E2-E1-B-CHOMP-MAG"
31,5,2,29,"TP53","Col92",1,1,"","","-"
32,6,3,54,"TP53","Dil312",1,1,"","","-"
33,6,3,54,"TP53","Dil338",1,1,"","","-"
34,6,8,54,"TP53","Dil359",2,2,"","","-"
35,7,5,29,"TP53","Eel93",3,16,"","2LFSMPT/3MPT","LFS-E2-E1-B-CHOMP-MAG"
36,8,1,54,"TP53","Fel92",4,7,"","2LFSMPT/3MPT","LFS-E2-E1-B-CHOMP"
37,9,2,54,"TP53","Fel93",1,2,"","","-"
38,10,1,9,"TP53","Fla95-1",1,,"","","-"
39,10,9,9,"TP53","Fla95-2",1,2,"","2LFSMPT","E1-CHOMP"
40,11,1,54,"TP53","Fre95-1",2,5,"","2LFSMPT/3MPT","E1-B-CHOMP-MAG"
41,11,1,54,"TP53","Fre95-2",2,2,"","","-"
42,11,1,54,"TP53","Fre95-3",2,4,"","","E2-E1-B-CHOMP"
43,11,1,54,"TP53","Fre95-4",2,6,"","","LFS-E2-E1-B-CHOMP"
44,11,1,54,"TP53","Fre95-5",2,6,"","2LFSMPT/3MPT","E1-B-CHOMP-MAG"
45,11,1,54,"TP53","Fre95-6",2,2,"","2LFSMPT","-"
46,11,1,54,"TP53","Fre95-7",1,1,"","","-"
47,11,1,54,"TP53","Fre95-8",1,2,"","2LFSMPT","E1-CHOMP-MAG"
48,11,1,54,"None","Fre95-9",2,4,"","","LFS-E2-E1-B-CHOMP"
49,11,1,54,"None","Fre95-10",2,4,"","","LFS-E2-E1-B-CHOMP-MAG"
50,11,1,54,"None","Fre95-11",1,1,"","","-"
51,11,8,54,"None","Fre95-12",1,3,"","","E1"
52,11,1,54,"None","Fre95-13",2,4,"","","LFS-E2-E1-B-CHOMP-MAG"
53,11,1,54,"None","Fre95-14",2,2,"","","-"
54,11,1,54,"None","Fre95-15",3,6,"","","LFS-E2-E1-B-CHOMP"
55,12,8,54,"TP53","Gray94",2,2,"","2LFSMPT","E1-CHOMP-MAG"
56,13,3,85,"TP53","Gut94",1,3,"","2LFSMPT","E2-E1-CHOMP-MAG"
57,14,1,15,"TP53","Ham94",3,7,"","2LFSMPT/3MPT","LFS-E2-E1-B-CHOMP-MAG"
58,15,8,36,"TP53","Hor94",4,9,"","2LFSMPT/3MPT","E1"
59,16,3,54,"TP53","Iav92",1,2,"","","E1-CHOMP-MAG"
60,17,6,54,"TP53","Jol94",3,10,"","2LFSMPT/3MPT","E1-B-CHOMP-MAG"
61,18,1,10,"TP53","Kov92",1,3,"","2LFSMPT","LFS-E2-E1-B-CHOMP-(MAG)"
62,19,2,54,"TP53","BT-1",3,3,"","","E1"
63,19,2,54,"TP53","BT-2",3,3,"","3MPT","-"
64,19,2,54,"TP53","BT-3",3,4,"","2LFSMPT/3MPT","E1-B-CHOMP"
65,19,2,54,"TP53","BT-4",2,2,"","","-"
66,19,8,54,"TP53","BT-5",3,5,"","2LFSMPT/3MPT","E1"
67,19,8,54,"TP53","BT-6",3,3,"","2LFSMPT","E1-CHOMP-MAG"
68,19,3,54,"TP53","BT-7",1,2,"","","-"
69,19,8,54,"TP53","BT-8",2,6,"","2LFSMPT","E1"
70,19,8,54,"TP53","BT-9",2,6,"","2LFSMPT/3MPT","E1"
71,20,1,54,"TP53","Law91-STS170(SARC36)",4,19,"updated from Ref_ID 81","2LFSMPT/3MPT","LFS-E2-E1-B-CHOMP-MAG"
72,21,6,26,"TP53","Lub95",3,6,"","2LFSMPT/3MPT","E1-B-CHOMP-MAG"
73,22,1,54,"TP53","Mal90-1",2,6,"","2LFSMPT/3MPT","LFS-E2-E1-B-CHOMP-MAG"
74,22,1,54,"TP53","Mal90-2",3,7,"","2LFSMPT/3MPT","LFS-E2-E1-B-CHOMP-MAG"
75,22,1,54,"TP53","Mal90-3",2,3,"","2LFSMPT","LFS-E2-E1-B-CHOMP-MAG"
76,22,5,54,"TP53","Mal90-4",3,8,"","2LFSMPT/3MPT","LFS-E2-E1-B-CHOMP-MAG"
77,22,1,54,"TP53","Mal90-5",3,11,"","2LFSMPT/3MPT","LFS-E2-E1-B-CHOMP-MAG"
78,23,4,54,"TP53","Mal92-6",2,3,"","","E1-B-CHOMP-MAG"
79,23,7,54,"TP53","Mal92-15",2,3,"","","E2-E1-B-CHOMP-MAG"
80,23,5,54,"TP53","Mal92-38",4,4,"","","LFS-E2-E1-B-CHOMP-MAG"
81,23,2,54,"TP53","Mal92-49",2,3,"","","-"
82,24,7,15,"TP53","Maz94-1",2,4,"","","E2-E1-CHOMP-MAG"
83,24,10,15,"TP53","Maz94-2",5,5,"","","LFS-E2-E1-B-CHOMP-MAG"
84,25,3,54,"TP53","McI94-1",1,1,"","","-"
85,25,1,54,"TP53","McI94-2",2,3,"","","E1"
86,25,8,54,"TP53","McI94-3",2,2,"","","E1"
87,25,3,54,"TP53","McI94-4",1,1,"","","-"
88,25,3,54,"TP53","McI94-5",1,2,"","","E1-CHOMP-MAG"
89,25,2,54,"TP53","McI94-6",2,2,"","","-"
90,25,3,54,"TP53","McI94-7",1,1,"","","-"
91,26,2,54,"TP53","Met91",4,6,"","","E1-B-CHOMP-MAG"
92,27,1,54,"TP53","Plu94",3,23,"","","LFS-E2-E1-B-CHOMP-MAG"
93,28,1,29,"TP53","Por92-1",3,5,"","","LFS-E2-E1-B-CHOMP-MAG"
94,29,2,29,"TP53","Pro92",3,6,"","","-"
95,31,1,36,"TP53","Sam92-1",3,8,"","","LFS-E2-E1-B-CHOMP-MAG"
96,31,6,36,"TP53","Sam92-2",3,7,"","","E1-B-CHOMP-MAG"
97,33,1,16,"TP53","Sco93",2,8,"","","LFS-E2-E1-B-CHOMP-MAG"
98,34,1,36,"TP53","Shi93",2,5,"","","LFS-B-CHOMP-MAG"
99,35,7,54,"TP53","Sid92",3,8,"","","E1-E2-CHOMP"
100,36,1,54,"TP53","Sri90",3,12,"","","E1"
101,37,1,15,"TP53","Stol94",3,6,"","","LFS-E2-E1-B-CHOMP-MAG"
102,38,7,242,"TP53","Tog92-A",2,3,"Japan or USA","","E2-E1-B-CHOMP-MAG"
103,38,3,242,"TP53","Tog92-B",1,2,"Japan or USA","","-"
104,38,8,242,"TP53","Tog92-C",2,2,"Japan or USA","","E1-CHOMP-MAG"
105,38,1,242,"TP53","Tog92-D",3,4,"Japan or USA; insC","","LFS-E2-E1-B-CHOMP-MAG"
106,38,1,242,"TP53","Tog92-E",3,4,"Japan or USA","","LFS-E2-E1-B-CHOMP-MAG"
107,38,8,242,"TP53","Tog92-F",2,2,"Japan or USA; insC","","E1-CHOMP-MAG"
108,38,7,242,"TP53","Tog92-G",2,4,"Japan or USA","","E1-CHOMP-MAG"
109,38,6,242,"TP53","Tog92-H",3,7,"Japan or USA","","LFS-E2-E1-B-CHOMP-MAG"
111,40,2,4,"TP53","Wag94-3",2,2,"updated from ref 88","","E1-CHOMP-MAG"
112,40,3,4,"TP53","Wag94-6",1,1,"updated with ref_ID 319","","CHOMP"
113,40,6,4,"TP53","Wag94-1",4,6,"","","LFS-E2-E1-B-CHOMP-MAG"
114,41,6,1,"TP53","War92",5,13,"","","E1-B-CHOMP-MAG"
115,43,1,32,"TP53","Var96",3,13,"","","LFS-E2-E1-CHOMP"
116,44,5,29,"TP53","Var-2252",4,9,"updated from ref 86","","LFS-E2-E1-B-CHOMP-MAG"
117,45,1,54,"TP53","Str95",4,8,"insTGGTTG","","LFS-E2-E1-B-CHOMP-MAG"
118,46,1,54,"TP53","Sha95",3,10,"","","LFS-E2-E1-B-CHOMP-MAG"
119,47,8,25,"TP53","Lund 5",3,4,"","","E1"
120,48,3,10,"TP53","Spe96",3,6,"","","E1-CHOMP-MAG"
121,49,9,54,"TP53","Chen95-314",1,2,"","","-"
122,49,9,54,"TP53","Chen95-308",1,2,"","","-"
123,51,9,54,"TP53","Kup93-1",1,2,"","","-"
124,51,9,54,"TP53","Kup93-2",1,1,"","","-"
125,53,2,54,"TP53","Fel96",4,6,"","","-"
126,54,3,15,"TP53","Li95-A",1,1,"","","-"
127,54,8,15,"TP53","Li95-1",2,5,"","","E1"
128,54,2,15,"TP53","Li95-2",2,3,"","","-"
129,54,2,15,"TP53","Li95-3",2,4,"","","-"
130,58,2,37,"TP53","Ban95",2,5,"","","-"
131,59,8,29,"TP53","Mac95-2",2,7,"","","E1-B-CHOMP-MAG"
132,59,1,29,"None","Mac95-1",2,4,"","","E1-CHOMP"
133,60,3,35,"TP53","Avi96-1",2,1,"","","-"
134,60,3,35,"TP53","Avi96-2",1,1,"","","-"
135,60,2,35,"TP53","Avi96P4",2,4,"","","-"
136,60,3,35,"TP53","Avi96P5",1,1,"","","-"
137,60,3,35,"TP53","Avi96P6",1,1,"","","-"
138,61,2,54,"TP53","Fel95",3,3,"","","-"
139,62,11,15,"TP53","Cho-147-F62",1,3,"updated with RefID-449","","E1-CHOMP-MAG"
140,62,11,15,"TP53","Cho-641-F38",2,2,"updated with RefID-449","","E1-CHOMP-MAG"
141,62,11,15,"TP53","Cho-1128-F96",2,1,"updated with RefID-449","",""
142,62,2,15,"TP53","Cho-1975-F118",2,1,"updated with RefID-449","",""
143,62,2,15,"TP53","Cho-2028",2,2,"","",""
144,62,8,15,"TP53","Cho-108",2,2,"","",""
145,62,6,15,"TP53","Cho-2454",3,3,"","",""
147,62,1,15,"TP53","Cho-54",2,3,"","",""
148,62,1,15,"TP53","Cho-11",2,4,"","",""
149,62,1,15,"TP53","Cho-1497",2,5,"","",""
150,62,1,15,"TP53","Cho-2453",3,13,"","",""
151,62,1,15,"TP53","Cho-66",3,7,"","",""
152,62,1,15,"TP53","Cho-2471",2,3,"","",""
153,63,3,54,"TP53","Chu-1",1,2,"","",""
155,65,1,16,"TP53","Doc96",3,7,"","",""
157,42,3,1,"TP53","Giu96",1,2,"","",""
158,50,1,27,"TP53","Cor97-1",3,5,"","",""
159,50,7,27,"TP53","Cor97-2",2,4,"","",""
160,50,2,27,"TP53","Cor97-3",2,3,"","",""
161,52,1,29,"TP53","Lom97",4,6,"Family tree in Lancet 1992","",""
162,55,6,36,"TP53","Sae97",3,8,"","",""
163,56,1,58,"TP53","Sed98-A",4,6,"","",""
164,56,1,58,"TP53","Sed98-B",4,13,"","",""
165,57,8,36,"TP53","Goi97-2",2,7,"","",""
166,57,6,36,"TP53","Goi97-4",3,4,"","",""
167,66,9,25,"TP53","Pon97",1,1,"","",""
168,67,6,16,"TP53","Rei98",3,7,"mutant codon 213 is TGG(W) due to polymorphism","",""
169,68,7,29,"TP53","Var99-1",5,5,"","",""
170,68,8,29,"TP53","Var99-3",3,2,"","",""
171,68,3,29,"TP53","Var99-4",1,2,"","",""
172,68,2,29,"TP53","Var99-5",2,4,"","",""
173,68,2,29,"TP53","Var99-7/8",3,3,"","",""
174,68,2,29,"TP53","Var99-9",3,3,"","",""
175,68,3,29,"TP53","Var99-11",1,1,"","",""
176,68,8,29,"TP53","Var99-12",5,3,"","",""
177,68,8,29,"TP53","Var99-13",3,2,"","",""
178,68,8,29,"TP53","Var99-14",3,3,"","",""
179,69,8,54,"TP53","Piv98",3,3,"","",""
180,70,1,54,"TP53","Luc98",2,5,"","",""
181,71,3,54,"TP53","Fel98",1,3,"","",""
182,72,2,24,"TP53","Ore98",3,2,"","",""
183,73,6,15,"TP53","Vit98-1",3,4,"","",""
184,73,4,15,"TP53","Vit98-2",3,4,"","",""
185,74,3,36,"TP53","Mur98",1,2,"","",""
186,75,3,28,"TP53","Aya98",1,1,"","",""
187,76,3,27,"TP53","Bot98",1,1,"","",""
188,77,8,35,"TP53","Bar98",3,3,"CCGGGTGA>CCAGGTTGGA","",""
189,78,2,19,"TP53","Gal99-a",3,5,"","",""
190,79,6,14,"TP53","Hus99-018",4,9,"","",""
191,79,1,14,"TP53","Hus99-020",3,8,"","",""
192,80,2,16,"TP53","Au99",1,3,"","",""
193,81,1,54,"TP53","Hun99-BC54",4,16,"","",""
194,82,1,4,"TP53","Que99-A",4,10,"","",""
195,82,1,4,"TP53","Que99-B",3,3,"","",""
196,83,1,15,"TP53","Zho99-1",3,6,"","",""
197,83,1,15,"TP53","Zho99-2",2,6,"","",""
198,83,2,15,"TP53","Zho99-3",1,2,"","",""
200,85,2,54,"None","Leh00-BT16",2,3,"Breast cancer history, c.673-36G>C  SNP","",""
201,85,2,54,"None","Leh00-BT31",1,1,"c.673-36G>C  SNP","",""
202,85,6,9,"None","Leh00-BT102",2,10,"c.673-36G>C SNP","",""
203,86,1,29,"TP53","Var97-86",5,11,"Updated with ref 89","",""
204,86,1,29,"TP53","Var97-110",2,3,"","",""
205,86,1,29,"TP53","Var97-610",2,3,"","",""
206,86,1,29,"TP53","Var97-1786",2,3,"","",""
207,86,1,29,"TP53","Var97-2180",2,4,"","",""
208,86,1,29,"TP53","Var97-7003",1,3,"","",""
209,86,6,29,"TP53","Var97-2635",3,14,"updated with ref 87","",""
210,86,1,29,"TP53","Var97-2612",2,2,"","",""
211,86,6,29,"TP53","Varl97-150",2,4,"","",""
212,86,6,29,"TP53","Var97-7391",1,2,"","",""
213,86,1,29,"None","Var97-1799",3,7,"","",""
214,86,1,29,"TP53","Var97-69",3,6,"Updated with Ref-174","",""
215,86,6,29,"None","Var97-1761",3,7,"","",""
216,86,4,29,"None","Var97-2063",3,6,"","",""
217,86,6,29,"None","Var97-2093",2,4,"","",""
218,86,4,29,"None","Var97-2613",2,3,"","",""
219,86,4,29,"None","Var97-2634",2,4,"","",""
220,90,2,54,"TP53","Tac00-2",3,10,"","",""
221,90,8,54,"None","Tac00-11",3,4,"","",""
222,90,8,54,"CDKN2A","Tac00-12",3,7,"","",""
223,91,1,29,"TP53","Eel00-16",3,3,"","",""
224,91,1,29,"TP53","Eel00-26",2,4,"","",""
225,91,1,29,"TP53","Eel00-33",3,3,"","",""
226,91,1,29,"TP53","Eel00-34",3,4,"","",""
227,91,7,29,"TP53","Eel00-47",2,4,"","",""
228,91,1,29,"TP53","Eel00-59",2,3,"","",""
229,91,1,29,"TP53","Eel00-109",3,7,"","",""
230,91,7,29,"TP53","Eel00-143",2,8,"","",""
231,91,1,29,"TP53","Eel00-187",4,5,"","",""
232,93,9,36,"TP53","YON-1",1,2,"","",""
233,94,7,22,"TP53","GRZ00-28",2,7,"","",""
234,95,1,54,"None","EVA98",3,14,"","",""
235,84,1,36,"TP53","SUG99",2,2,"","",""
236,97,7,14,"TP53","RAP01-6001",2,6,"","",""
237,98,1,54,"TP53","VER00-F1",5,17,"can't identify proband","",""
238,98,1,54,"TP53","VER00-F2",3,6,"","",""
239,98,8,54,"TP53","VER00-F3",2,5,"","",""
240,99,1,15,"TP53","BOU01-F1",3,9,"","",""
241,99,1,15,"TP53","BOU01-F2",4,7,"","",""
242,99,1,15,"TP53","BOU01-F3",2,5,"","",""
243,99,1,15,"TP53","BOU01-F4",3,7,"","",""
244,99,6,15,"TP53","BOU01-F5",5,9,"","",""
245,99,6,15,"TP53","BOU01-F6",3,6,"","",""
246,99,6,15,"TP53","BOU01-F7",3,6,"","",""
247,99,6,15,"TP53","BOU01-F8",4,7,"","",""
248,99,8,15,"TP53","BOU01-F10",4,7,"","",""
249,99,8,15,"TP53","BOU01-F11",2,2,"","",""
250,99,8,15,"TP53","BOU01-F12",3,4,"","",""
251,92,1,29,"CHEK2","BEL99-DF59",,3,"","",""
252,92,4,29,"CHEK2","BEL99-MGH0",,3,"","",""
253,99,6,15,"None","BOU01-F9",3,3,"","",""
254,99,8,15,"None","BOU01-F13",2,2,"","",""
255,99,8,15,"None","BOU01-F14",2,3,"","",""
256,99,8,15,"None","BOU01-F15",2,2,"","","E1"
257,99,8,15,"None","BOU01-F16",2,2,"","",""
258,99,7,15,"None","BOU01-F17",3,4,"","",""
259,100,2,36,"TP53","KIM01-1",3,7,"","",""
260,101,1,56,"TP53","MAL01-a",3,5,"","",""
261,101,9,56,"TP53","MAL01-b",2,3,"","",""
262,102,2,62,"TP53/APC","ZAJ00-1",2,3,"FAP","",""
263,103,1,14,"TP53","VAH01-7154",,5,"","",""
264,103,1,14,"TP53","VAH01-7106",,5,"","",""
265,103,2,14,"TP53","VAH01-1084",,4,"","",""
266,103,2,14,"TP53","VAH01-2204",,3,"","",""
267,103,2,14,"CHEK2","VAH01-7116",,5,"","",""
268,103,2,14,"CHEK2","VAH01-5130",,7,"","",""
269,104,3,35,"TP53","JOA01-9044",1,1,"","","noFH"
270,105,1,29,"TP53","PAT02-1",2,5,"","",""
271,106,3,29,"TP53","RUT02-1",1,1,"insGCCATGG","","noFH"
272,107,4,29,"CHEK2","LEE01-1265",1,2,"","",""
273,107,4,29,"CHEK2","LEE01-2325",1,1,"","",""
274,108,1,16,"TP53","POT02",4,7,"","",""
275,109,2,54,"TP53","MAR03-1",3,6,"","",""
276,110,2,29,"TP53","LAL03-B",3,3,"","",""
277,110,3,29,"TP53","LAL03-D",2,1,"","",""
278,111,1,1,"TP53","WON03",4,10,"","",""
279,112,1,24,"TP53","BAL02",3,5,"","",""
280,113,1,15,"TP53","BOU03",5,22,"","",""
281,114,1,4,"PTEN","BRO00-B",2,10,"","",""
282,115,3,36,"TP53","MIY03",1,1,"","",""
283,116,1,58,"TP53","TRK03",3,9,"","",""
284,117,1,54,"TP53","LYN03-2",5,29,"","",""
285,118,2,3,"TP53","RIB01",4,7,"","",""
286,119,9,26,"TP53","ISH99",1,2,"","",""
287,120,1,28,"TP53","GUR99",3,5,"","",""
288,121,3,3,"TP53","LAT01-1",2,1,"","",""
289,121,3,3,"TP53","LAT01-2",1,1,"","",""
290,121,3,3,"TP53","LAT01-3",2,1,"","",""
291,121,3,3,"TP53","LAT01-4",2,1,"","",""
292,121,3,3,"TP53","LAT01-5",2,1,"","",""
293,121,3,3,"TP53","LAT01-6",1,1,"","",""
294,121,3,3,"TP53","LAT01-8",1,1,"","",""
295,121,3,3,"TP53","LAT01-12",2,1,"","",""
296,121,3,3,"TP53","LAT01-13",1,1,"","",""
297,121,3,3,"TP53","LAT01-14",2,1,"","",""
298,121,3,3,"TP53","LAT01-15",1,1,"","",""
299,121,3,3,"TP53","LAT01-16",1,1,"","",""
300,121,3,3,"TP53","LAT01-17",2,1,"","",""
301,121,3,3,"TP53","LAT01-18",2,1,"","",""
302,121,3,3,"TP53","LAT01-20",1,1,"","",""
303,121,3,3,"TP53","LAT01-24",1,1,"","",""
304,121,3,3,"TP53","LAT01-33",1,1,"","",""
305,121,3,3,"TP53","LAT01-49",1,1,"","",""
306,121,3,3,"TP53","LAT01-51",2,1,"","",""
307,122,3,16,"TP53","SCH02-BM",1,2,"","",""
308,122,3,16,"TP53","SCH02-HT",1,2,"","",""
309,122,3,16,"TP53","SCH02-RH",1,2,"","",""
310,122,2,16,"TP53","SCH02-WT",1,2,"","",""
311,123,1,29,"TP53","PEP03-1",2,3,"","",""
312,123,1,29,"TP53","PEP03-2",2,6,"","",""
313,124,1,22,"None","SIK01-LFS",2,8,"","",""
314,125,2,54,"TP53","NIC03-HD",2,8,"","",""
315,126,1,35,"TP53","AVI04-LFS",3,6,"","",""
316,127,2,32,"TP53/BRCA1","HED04-1",1,1,"","",""
317,128,3,4,"TP53","KHA04-1",1,3,"","",""
318,129,9,24,"TP53","PAT03-259R",1,1,"","",""
319,129,9,24,"TP53","PAT03-148M",1,1,"","",""
320,130,2,37,"TP53","KIM04-SNU-G2",3,10,"","",""
321,131,3,24,"TP53","NOG04-1",1,12,"","",""
322,132,1,36,"TP53","YON04-3",3,5,"","",""
323,133,10,16,"TP53","BEN04-L",3,8,"","",""
324,133,1,26,"TP53","BEN04-M",4,7,"","",""
325,133,10,16,"TP53","BEN04-H",3,9,"insCCCC","",""
326,133,3,16,"TP53","BEN04-P",2,1,"","",""
327,133,3,16,"TP53","BEN04-B",2,1,"","",""
328,134,10,29,"TP53","Eel04",4,4,"","",""
329,135,1,54,"TP53","HWA03-I",,,"incomplete data","",""
330,135,2,54,"TP53","HWA03-II",,,"incomplete data","",""
331,135,1,54,"TP53","HWA03-III",,,"incomplete data","",""
332,136,2,23,"TP53","OLI04-11",3,5,"","",""
333,137,3,54,"TP53","SUA04-1",1,2,"","",""
364,138,6,3,"TP53","Y-01",4,14,"","",""
365,138,5,3,"None","Y-02",4,4,"","",""
366,138,8,3,"None","Y-03",4,5,"","",""
369,138,8,3,"None","Y-06",3,2,"","",""
370,138,1,3,"None","Y-07",4,4,"","",""
371,138,4,3,"None","Y-08-28",3,5,"","",""
372,138,1,3,"None","Y-09",4,9,"","",""
373,138,8,3,"None","Y-10",5,6,"","",""
374,138,8,3,"None","Y-11",4,8,"","",""
375,138,5,3,"TP53","Y-12-13",5,18,"","",""
376,138,1,3,"None","Y-14",4,5,"","",""
377,138,4,3,"TP53","Y-15",5,8,"","",""
378,138,8,3,"None","Y-17",5,10,"","",""
379,138,1,3,"TP53","Y-20",4,11,"","",""
380,138,1,3,"None","Y-21",4,14,"","",""
381,138,1,3,"None","Y-22",4,5,"","",""
382,138,4,3,"None","Y-23",4,6,"","",""
383,138,8,3,"None","Y-24-25",3,8,"","",""
384,138,8,3,"TP53","Y-27-45",3,6,"","",""
385,138,1,3,"None","Y-29",5,9,"","",""
386,138,8,3,"None","Y-30",4,6,"","",""
387,138,6,3,"None","Y-31",4,4,"","",""
388,138,8,3,"None","Y-32",4,8,"","",""
389,138,1,3,"TP53","Y-33",4,8,"","",""
391,138,7,3,"TP53","Y-35",3,5,"","",""
392,138,8,3,"None","Y-36",4,8,"","",""
393,138,8,3,"None","Y-44-37",4,10,"","",""
394,138,1,3,"None","Y-38-39-40",3,7,"","",""
395,138,1,3,"None","Y-41",3,4,"","",""
396,138,7,3,"None","Y-42",4,9,"","",""
397,138,8,3,"None","Y-43",4,5,"","",""
398,138,5,3,"None","Y-46",3,7,"","",""
399,138,5,3,"TP53","Y-47",3,6,"","",""
401,138,8,3,"TP53","Y-49-50",5,11,"","",""
402,138,8,3,"None","Y-51",4,11,"","",""
403,138,8,3,"TP53","Y-53",4,8,"","",""
404,138,8,3,"TP53","Y-57",4,7,"","",""
405,138,8,3,"None","Y-52",4,4,"","",""
406,138,8,3,"None","Y-54",3,6,"","",""
407,138,8,3,"None","Y-55",4,5,"","",""
408,138,6,3,"None","Y-56",3,3,"","",""
409,138,6,3,"TP53","Y-58",4,13,"","",""
410,138,6,3,"TP53","Y-59",4,6,"","",""
411,138,6,3,"TP53","Y-60",2,7,"","",""
412,138,6,3,"TP53","Y-65",4,5,"","",""
413,139,9,23,"TP53","ROQ05-1",2,2,"","",""
414,140,2,16,"TP53","KEL04",4,5,"","",""
415,141,11,10,"TP53","KRU05-1",3,3,"","",""
416,141,1,10,"TP53","KRU05-2",3,6,"","",""
417,141,3,54,"TP53","KRU05-3",2,1,"","",""
418,141,2,10,"TP53","KRU05-4",4,1,"","",""
419,141,10,58,"TP53","KRU05-5",4,9,"","",""
420,142,1,54,"TP53","CHA05",3,8,"","",""
421,143,1,28,"TP53","GUR05-1",,,"","",""
422,143,1,28,"TP53","GUR05-2",,,"","",""
423,144,2,36,"TP53","KUR05",2,4,"","",""
424,145,1,22,"TP53","RIE05",2,3,"","",""
425,146,10,54,"TP53","CAV05",2,2,"","",""
426,147,1,19,"TP53","CAP05",3,4,"","",""
427,148,1,54,"TP53","WON06-1",3,4,"","",""
428,148,1,54,"TP53","WON06-4",3,4,"","",""
429,148,1,54,"TP53","WON06-5",2,3,"","",""
430,148,1,54,"TP53","WON06-6",3,9,"","",""
431,148,1,54,"TP53","WON06-7",3,8,"","",""
432,148,1,54,"TP53","WON06-8",4,22,"","",""
433,148,1,54,"TP53","WON06-9",3,13,"","",""
434,148,1,54,"TP53","WON06-10",3,7,"","",""
435,149,9,3,"TP53","SAN05-1",2,1,"","",""
436,149,9,3,"TP53","SAN05-2",2,1,"","",""
437,149,9,3,"TP53","SAN05-3",2,1,"","",""
438,149,9,3,"TP53","SAN05-4",2,1,"","",""
439,149,9,3,"TP53","SAN05-5",2,1,"","",""
440,149,9,3,"TP53","SAN05-6",2,1,"","",""
441,149,9,3,"TP53","SAN05-7",2,1,"","",""
442,149,9,3,"TP53","SAN05-8",2,1,"","",""
443,149,9,3,"TP53","SAN05-9",2,1,"","",""
444,149,9,3,"TP53","SAN05-10",1,1,"","",""
445,149,9,3,"TP53","SAN05-11",1,1,"","",""
446,149,9,3,"TP53","SAN05-12",1,1,"","",""
447,149,9,3,"TP53","SAN05-25",1,1,"","",""
448,150,3,3,"TP53","FIG06-1",2,1,"no accurate pedigree","",""
449,150,4,3,"TP53","FIG06-2",3,5,"no accurate pedigree","",""
450,150,2,3,"TP53","FIG06-3",2,2,"no accurate pedigree","",""
451,150,2,3,"TP53","FIG06-4",3,2,"no accurate pedigree","",""
452,150,2,3,"TP53","FIG06-5",3,2,"no accurate pedigree","",""
453,150,2,3,"TP53","FIG06-6",3,2,"no accurate pedigree","",""
454,150,2,3,"TP53","FIG06-7",2,1,"no accurate pedigree","",""
455,150,2,3,"TP53","FIG06-8",3,2,"no accurate pedigree","",""
456,150,4,3,"TP53","FIG06-9",3,3,"no accurate pedigree","",""
457,150,3,3,"TP53","FIG06-10",2,3,"no accurate pedigree","",""
458,150,2,3,"TP53","FIG06-11",3,2,"no accurate pedigree","",""
459,150,2,3,"TP53","FIG06-12",3,2,"no accurate pedigree","",""
460,150,2,3,"TP53","FIG06-13",3,3,"no accurate pedigree","",""
461,150,3,3,"TP53","FIG06-14",2,1,"no accurate pedigree","",""
462,150,2,3,"TP53","FIG06-15",3,2,"no accurate pedigree","",""
463,150,3,3,"TP53","FIG06-16",2,1,"no accurate pedigree","",""
464,150,3,3,"TP53","FIG06-17",2,1,"no accurate pedigree","",""
465,150,4,3,"TP53","FIG06-18",3,3,"no accurate pedigree","",""
466,150,3,3,"TP53","FIG06-19",2,1,"no accurate pedigree","",""
467,150,2,3,"TP53","FIG06-20",3,2,"no accurate pedigree","",""
468,150,3,3,"TP53","FIG06-21",2,1,"no accurate pedigree","",""
469,150,2,3,"TP53","FIG06-22",3,3,"no accurate pedigree","",""
470,150,4,3,"TP53","FIG06-23",3,6,"no accurate pedigree","",""
471,150,3,3,"TP53","FIG06-24",2,1,"no accurate pedigree","",""
472,150,10,3,"TP53","FIG06-26",3,4,"no accurate pedigree","",""
473,150,3,3,"TP53","FIG06-27",2,2,"no accurate pedigree","",""
474,150,4,3,"TP53","FIG06-28",3,3,"no accurate pedigree","",""
475,150,3,3,"TP53","FIG06-29",2,1,"no accurate pedigree","",""
476,150,3,3,"TP53","FIG06-30",2,1,"no accurate pedigree","",""
477,151,5,54,"TP53","DIC05",3,6,"","",""
478,152,9,105,"TP53","KRA06-930",1,0,"","",""
479,152,9,105,"TP53","KRA06-970",1,0,"","",""
480,152,9,105,"TP53","KRA06-993",1,0,"","",""
481,153,4,54,"TP53","SID05-1",,,"","",""
482,153,7,54,"TP53","SID05-2",,,"","",""
483,153,1,54,"TP53","SID05-3",,,"","",""
484,153,3,54,"TP53","SID05-4",,,"","",""
485,153,7,54,"TP53","SID05-5",,,"","",""
486,153,1,54,"TP53","SID05-6",,,"","",""
487,153,7,54,"TP53","SID05-7",,,"","",""
488,154,2,29,"TP53","PAR01",2,2,"","",""
489,155,1,54,"TP53","WAL06-86",,,"","",""
490,155,10,54,"TP53","WAL06-168",,,"","",""
491,155,1,54,"TP53","WAL06-861",,,"","",""
492,156,1,19,"TP53","POL05",2,4,"","",""
493,157,4,19,"TP53","MAN07-2",4,3,"","",""
494,157,1,19,"TP53","MAN07-4",4,3,"insG","",""
495,157,4,19,"TP53/BRCA2","MAN07-7",4,8,"","",""
496,158,4,27,"TP53","RUI06",4,15,"","",""
497,159,2,54,"TP53","WES06",3,2,"","",""
498,160,3,13,"TP53","STE06",3,2,"","",""
499,161,10,28,"TP53","GUR05",3,6,"","",""
500,162,1,21,"TP53","ANE06",2,7,"","",""
501,163,1,100,"TP53","VRA06-FC07",3,7,"","",""
502,164,2,15,"TP53/BRCA2","MON07-D05",2,10,"","",""
503,164,3,15,"TP53/BRCA2","MON07-C36",2,2,"","",""
504,165,1,27,"TP53","VAN07",2,9,"","",""
505,166,1,4,"TP53","ARC07-1444",3,16,"related to family 1039 (see ref_ID 319)","",""
506,166,2,4,"TP53","ARC07-1039",2,7,"related to family 1444 (see ref_ID 319)","",""
507,166,2,4,"TP53","ARC07-875",3,11,"","",""
508,167,3,35,"TP53","SAL07",2,4,"","",""
510,168,1,1,"TP53","TRA07-MS",4,9,"","",""
511,169,4,54,"TP53","SCH07",3,4,"","",""
512,170,3,15,"TP53","LEF06",2,6,"","","noFH"
513,171,1,29,"TP53","SEN07",3,8,"","",""
514,172,10,54,"TP53","ROS07",5,8,"","",""
515,28,1,29,"None","Por92-2",2,4,"","",""
516,173,1,54,"TP53","BER07",3,6,"","",""
517,174,2,29,"TP53","Var01-4631",,,"","",""
518,174,1,29,"TP53","Var01-2229",,,"","",""
519,174,1,29,"TP53","Var01-4507",,,"","",""
520,174,1,29,"TP53","Var01-4479",,,"","",""
521,175,2,15,"TP53","IDB07-G",2,2,"","",""
522,176,10,58,"TP53","PRO08",5,5,"","",""
523,177,11,4,"TP53","TAB07-5",2,4,"","",""
524,177,11,4,"TP53","TAB07-6",2,2,"","",""
525,177,11,4,"TP53","TAB07-3",2,5,"","",""
526,177,11,4,"TP53","TAB07-2",1,2,"","",""
527,178,10,58,"TP53","TRK07-5",1,1,"","",""
528,178,10,58,"TP53","TRK07-7",2,3,"","",""
529,178,10,58,"TP53","TRK07-8",2,2,"","",""
530,178,1,58,"TP53","TRK07-10",2,3,"","",""
531,178,2,58,"TP53","TRK07-11",1,1,"","",""
532,178,9,58,"TP53","TRK07-13",1,2,"","",""
533,179,2,36,"TP53","YAM07-FGC20",3,6,"Familial gastric cancer","",""
534,179,2,36,"TP53","YAM07-FGC34",,,"Familial gastric cancer","",""
535,179,2,36,"TP53","YAM07-FGC17",,,"Familial gastric cancer","",""
536,180,1,36,"TP53","IZA08",1,9,"","",""
537,181,11,54,"TP53","RUS08",2,2,"","",""
538,177,11,54,"TP53","TAB07-1",2,2,"","",""
539,177,11,4,"TP53","TAB07-4",2,3,"","",""
540,177,9,4,"TP53","TAB07-7",2,1,"","",""
541,177,11,4,"TP53","TAB07-8",2,2,"insC","",""
542,177,11,4,"TP53","TAB07-9",2,7,"","",""
543,182,1,19,"TP53","VES07",2,3,"","",""
544,183,2,3,"TP53","PAL08-FC0054",5,7,"","",""
545,184,1,157,"TP53","ARI08-FC01",3,4,"insGGCGTG; add info from ref-238","",""
546,185,3,3,"TP53","ASS08-1",,1,"","",""
547,185,2,3,"TP53","ASS08-2",2,4,"","",""
548,185,10,3,"TP53","ASS08-3",2,7,"","",""
549,186,2,19,"TP53","BEC08",3,1,"","",""
550,187,8,15,"TP53","BOU08-A",4,10,"","",""
551,187,7,15,"TP53","BOU08-B",3,1,"","",""
552,187,7,15,"TP53","BOU08-C",4,10,"","",""
553,188,1,50,"TP53","LIN09",3,3,"","",""
554,189,10,54,"TP53/PTEN","PLO08",3,11,"","",""
555,187,9,15,"TP53","BOU08-1",,,"","",""
556,187,9,15,"TP53","BOU08-2",,,"insC","",""
559,187,10,15,"TP53","BOU08-3-F66",2,3,"","",""
560,187,9,15,"TP53","BOU08-4",,,"","",""
561,187,9,15,"TP53","BOU08-5",,,"","",""
562,187,9,15,"TP53","BOU08-6",,,"","",""
563,187,9,15,"TP53","BOU08-7",,,"","",""
564,187,9,15,"TP53","BOU08-8",,,"","",""
565,187,11,15,"TP53","BOU08-9-F47",2,2,"updated with RefID-449","",""
566,187,9,15,"TP53","BOU08-10",,,"","",""
567,187,9,15,"TP53","BOU08-11",,,"","",""
568,187,9,15,"TP53","BOU08-12",,,"","",""
569,187,9,15,"TP53","BOU08-13",,,"","",""
570,187,9,15,"TP53","BOU08-14",,,"","",""
571,187,11,15,"TP53","BOU08-15-F70",2,2,"updated with RefID-449","",""
572,187,9,15,"TP53","BOU08-16",,,"insCAG","",""
573,187,11,15,"TP53","BOU08-17-F171",2,1,"updated with RefID-449","",""
574,187,9,15,"TP53","BOU08-18-F155",2,1,"updated with RefID-449","",""
575,187,11,15,"TP53","BOU08-19-F7",2,5,"updated with RefID-449","",""
576,187,9,15,"TP53","BOU08-20",,,"","",""
577,187,9,15,"TP53","BOU08-21",,,"","",""
578,187,9,15,"TP53","BOU08-22",,,"","",""
579,187,9,15,"TP53","BOU08-23",,,"","",""
580,187,9,15,"TP53","BOU08-24",,,"","",""
581,187,9,15,"TP53","BOU08-25",,,"","",""
582,187,9,15,"TP53","BOU08-26",,,"","",""
583,187,9,15,"TP53","BOU08-27",,,"","",""
584,187,9,15,"TP53","BOU08-28",,,"","",""
585,187,9,15,"TP53","BOU08-29",,,"","",""
586,187,9,15,"TP53","BOU08-30",,,"","",""
587,187,9,15,"TP53","BOU08-31",,,"","",""
588,187,9,15,"TP53","BOU08-32",,,"","",""
589,187,9,15,"TP53","BOU08-33",,,"","",""
590,187,9,15,"TP53","BOU08-34",,,"","",""
591,187,9,15,"TP53","BOU08-35",,,"","",""
592,187,9,15,"TP53","BOU08-36",,,"","",""
593,187,9,15,"TP53","BOU08-37",,,"","",""
594,187,11,15,"TP53","BOU08-38-F50",2,2,"updated with RefID-449","",""
595,187,9,15,"TP53","BOU08-39",,,"","",""
596,187,9,15,"TP53","BOU08-40",,,"","",""
597,187,11,15,"TP53","BOU08-41-F192",2,3,"updated with RefID-449","",""
598,187,11,15,"TP53","BOU08-42-F215",2,2,"updated with RefID-449","",""
599,187,11,15,"TP53","BOU08-43-F343",2,1,"updated with RefID-449","",""
600,187,9,15,"TP53","BOU08-44",,,"","",""
601,187,9,15,"TP53","BOU08-45",,,"","",""
602,187,9,15,"TP53","BOU08-46",,,"","",""
603,187,9,15,"TP53","BOU08-47",,,"","",""
604,187,9,15,"TP53","BOU08-48-F60",2,2,"updated with RefID-449","",""
605,187,9,15,"TP53","BOU08-49",,,"","",""
606,187,9,15,"TP53","BOU08-50",,,"","",""
607,187,9,15,"TP53","BOU08-51",,,"","",""
608,187,9,15,"TP53","BOU08-52",,,"","",""
609,187,9,15,"TP53","BOU08-53",,,"","",""
610,187,9,15,"TP53","BOU08-54",,,"","",""
611,187,9,15,"TP53","BOU08-55",,,"","",""
612,187,9,15,"TP53","BOU08-56",,,"","",""
613,187,9,15,"TP53","BOU08-57",,,"","",""
614,187,9,15,"TP53","BOU08-58",,,"","",""
615,190,9,184,"TP53","SUA07-C",1,1,"","",""
616,191,2,178,"TP53","DEL08",1,2,"","",""
617,192,4,46,"TP53","ANG09",2,3,"","",""
618,193,4,37,"TP53","HWA08",2,6,"","",""
619,194,1,19,"TP53","CAP09",4,16,"","",""
620,195,1,153,"TP53","JAN09-LFS3",2,3,"FC0057","",""
621,196,9,3,"TP53","Y0079",2,2,"","",""
623,196,9,3,"TP53","Y0087",1,2,"","",""
624,196,9,3,"TP53","Y0097",1,3,"","",""
625,196,9,3,"TP53","Y0099",3,1,"","",""
626,196,9,3,"TP53","Y0100",2,1,"","",""
627,196,9,3,"TP53","Y0102",1,3,"","",""
628,196,9,3,"TP53","Y0106",1,1,"","",""
629,196,9,3,"TP53","Y0107",,,"","",""
631,195,1,153,"TP53","JAN09-LFS1",2,4,"FC0055","",""
632,195,1,153,"TP53","JAN09-LFS2",1,1,"FC0056","",""
633,198,1,157,"TP53","ARI09-FC0004",3,4,"","",""
634,197,1,32,"TP53","VER09-FC05",2,3,"","",""
635,197,1,32,"TP53","VER09-FC06",2,5,"","",""
636,199,1,100,"TP53","VRA09-FC08",3,7,"","",""
637,200,10,54,"TP53","AGA08-1",3,9,"","",""
638,201,3,6,"TP53","CAO09-1",2,1,"","",""
639,201,2,6,"TP53","CAO09-2",4,5,"","",""
640,202,1,22,"TP53","FIS09-630",4,5,"","",""
641,202,3,22,"TP53","FIS09-644",1,1,"","",""
643,202,1,22,"None","FIS09-263",3,8,"","",""
644,203,1,58,"None","FIN09-1",3,4,"","",""
645,203,11,58,"None","FIN09-2",2,3,"","",""
646,203,11,58,"None","FIN09-3",1,1,"","",""
647,203,11,58,"None","FIN09-4",2,3,"","",""
648,203,11,58,"None","FIN09-5",1,3,"","",""
649,203,10,58,"None","FIN09-6",3,3,"","",""
650,203,11,58,"None","FIN09-7",2,3,"","",""
651,203,11,58,"None","FIN09-8",2,3,"","",""
652,203,2,58,"None","FIN09-14",3,4,"","",""
653,203,10,58,"None","FIN09-10",3,3,"","",""
654,203,11,58,"None","FIN09-11",1,1,"","",""
655,203,10,58,"None","FIN09-13",3,5,"","",""
656,204,14,4,"TP53","GIN09-1",1,1,"BRCA1/2 negative","",""
657,204,14,4,"TP53","GIN09-2",1,1,"BRCA1/2 negative","",""
658,204,14,4,"TP53/BRCA2","GIN09-3",2,4,"","",""
659,205,3,37,"TP53","KO09-1",2,1,"","",""
660,206,1,23,"TP53","PIN09-1",2,4,"","",""
661,206,1,23,"TP53","PIN09-2",,9,"","",""
662,206,11,23,"TP53","PIN09-8",1,1,"","",""
663,206,2,23,"TP53","PIN09-15",,4,"","",""
664,206,11,23,"TP53","PIN09-18",,3,"","",""
665,206,2,23,"TP53","PIN09-21",,4,"","",""
666,206,11,23,"TP53","PIN09-25",1,1,"","",""
667,207,1,16,"TP53","RIE09-1",2,3,"","",""
668,208,3,54,"TP53","SCH09-1",1,2,"","",""
669,209,3,10,"TP53","SCHW09-1",2,0,"hg18: chr17:7066210-7840187 del","",""
670,210,3,36,"TP53","YAM09-1",2,2,"","",""
671,211,11,6,"TP53","SI09-1",2,1,"insG","",""
672,212,11,56,"TP53","GON10-31",2,2,"","",""
673,212,11,56,"TP53","GON10-300",2,2,"","",""
674,212,11,56,"TP53","GON10-491",2,2,"","",""
675,212,11,56,"TP53","GON10-562",2,1,"","",""
676,212,3,56,"TP53","GON10-541",2,2,"","",""
677,212,11,56,"TP53","GON10-78",3,4,"","",""
678,212,11,56,"TP53","GON10-288",2,1,"","",""
679,212,11,56,"TP53","GON10-358",2,2,"","",""
680,212,11,56,"TP53","GON10-362",4,2,"","",""
681,212,11,56,"TP53","GON10-368",4,4,"","",""
682,212,11,56,"TP53","GON10-370",2,1,"","",""
683,212,11,56,"TP53","GON10-381",2,3,"","",""
684,212,11,56,"TP53","GON10-410",2,2,"","",""
685,212,11,56,"TP53","GON10-442",2,2,"","",""
686,212,11,56,"TP53","GON10-527",3,8,"","",""
687,213,10,38,"TP53","TAR09-1",3,2,"","",""
688,214,9,59,"TP53","VAL09-1",1,1,"","",""
689,215,13,24,"TP53","BLA10-1",2,2,"BRCA1/2 WT","",""
690,215,13,24,"TP53","BLA10-2",1,2,"BRCA1/2 WT","",""
691,215,13,24,"TP53","BLA10-3",3,3,"BRCA1/2 WT","",""
692,215,13,24,"TP53","BLA10-4",2,3,"BRCA1/2 WT","",""
693,215,13,24,"TP53","BLA10-5",2,3,"BRCA1/2 WT","",""
694,215,13,24,"TP53","BLA10-6",2,2,"BRCA1/2 WT","",""
695,216,9,54,"TP53","XIA10-1",,,"","",""
696,217,1,54,"TP53","DEB10",2,4,"","",""
697,218,1,3,"TP53","DEM10",5,12,"","",""
698,219,1,28,"TP53","KAR10",2,9,"","",""
699,220,2,52,"TP53","LAN10",5,5,"","",""
700,221,3,1,"TP53","MOU10-VEOa",,,"","",""
701,221,2,1,"TP53","MOU10-VEOb",,,"","",""
702,221,10,1,"TP53","MOU10-EOFHa",,,"may be duplicate of WAR92 (RefID111)","",""
703,221,2,1,"TP53","MOU10-EOFHb",,,"","",""
704,222,3,54,"TP53","PIN10",2,1,"","",""
705,223,11,27,"TP53","RUI10-1302",,,"","","B-CHOMP"
706,223,11,27,"TP53","RUI10-1860",,,"","","B-CHOMP"
707,223,10,27,"TP53","RUI10-1856",,,"","",""
708,223,11,27,"TP53","RUI10-6569",,,"","","B-CHOMP"
709,223,11,27,"TP53","RUI10-93",,,"","","B-CHOMP"
710,223,11,27,"TP53","RUI10-706",,,"","","LFS-CHOMP"
711,223,11,27,"TP53","RUI10-1308",,,"","","LFS-CHOMP"
712,223,11,27,"TP53","RUI10-108",,,"","","B-CHOMP"
713,223,10,27,"TP53","RUI10-3838",,,"","",""
714,223,11,27,"TP53","RUI10-3070",,,"","","B-CHOMP"
715,223,11,27,"TP53","RUI10-3843",,,"","","B-CHOMP"
716,223,11,27,"TP53","RUI10-3901",,,"","","B-CHOMP"
717,223,11,27,"TP53","RUI10-1375",,,"","","LFS-CHOMP"
718,223,11,27,"TP53","RUI10-324",,,"","","B-CHOMP"
719,223,11,27,"TP53","RUI10-4057",,,"","",""
720,223,11,27,"TP53","RUI10-816",,,"","","LFS-CHOMP"
721,223,11,27,"TP53","RUI10-3603",,,"","","LFS-CHOMP"
722,223,11,27,"TP53","RUI10-5838",,,"","",""
723,223,11,27,"TP53","RUI10-37",,,"","","LFS-CHOMP"
724,223,11,27,"TP53","RUI10-2556",,,"","",""
725,224,2,29,"TP53","WIL10-1",,,"","",""
726,224,1,29,"TP53","WIL10-2",,,"","",""
727,224,3,29,"TP53","WIL10-3",,,"","",""
728,224,3,29,"TP53","WIL10-4",,,"","",""
729,224,3,29,"TP53","WIL10-5",,,"","",""
730,224,2,29,"TP53","WIL10-6",,,"","",""
731,224,3,29,"TP53","WIL10-7",,,"","",""
732,224,2,29,"TP53","WIL10-8",,,"","",""
733,224,2,29,"TP53","WIL10-9",,,"","",""
734,225,11,157,"TP53","ARI11-FC0058",2,1,"","",""
735,226,10,3,"TP53","Y103",,,"","",""
736,226,10,3,"TP53","Y160",,,"","",""
737,227,11,26,"TP53","FER11",3,5,"","",""
738,228,13,54,"TP53","LIN11",1,3,"","",""
739,229,1,15,"TP53","HEY10-1",,,"","",""
740,229,1,15,"TP53","HEY10-2",,,"","",""
741,229,2,15,"TP53","HEY10-3",,,"","",""
742,229,3,15,"TP53","HEY10-4",,,"","",""
743,229,3,15,"TP53","HEY10-5",,,"","",""
744,229,2,15,"TP53","HEY10-6",,,"","",""
745,229,10,15,"TP53","HEY10-7",,,"","",""
746,229,1,15,"TP53","HEY10-8",2,,"","",""
747,230,2,36,"TP53","IDE10-1",1,1,"","",""
748,231,2,36,"TP53","MOM10-1",1,,"","",""
749,232,2,54,"TP53","ROB10-11",1,1,"","",""
750,233,3,18,"TP53","CUR11-1",1,2,"","",""
751,234,1,16,"TP53","KAS12-1",2,4,"","",""
752,235,1,36,"TP53","SUG11-1",1,2,"","",""
753,236,2,3,"TP53","GOM12-1",1,1,"","",""
754,236,2,3,"TP53","GOM12-2",1,1,"","",""
755,237,10,10,"TP53","SCH12-5650",1,3,"","",""
756,237,2,10,"TP53","SCH12-6371",1,2,"","",""
757,237,3,10,"TP53","SCH12-6144",1,4,"","",""
758,237,2,10,"TP53","SCH12-7047",1,1,"","",""
759,238,11,157,"TP53","CHO12-F4",2,1,"","",""
760,239,10,36,"TP53","PIA12-1",2,2,"","",""
761,240,11,25,"TP53","MAG12-ACT",2,2,"","",""
762,240,3,25,"TP53","MAG12-RMS",1,1,"","",""
763,241,2,54,"TP53","PEN12-1",1,1,"","",""
764,241,9,54,"TP53","PEN12-2",1,1,"","",""
765,242,3,157,"TP53","LEE12-BRC901",1,1,"","",""
766,242,10,157,"TP53","LEE12-BRC349",4,9,"","",""
767,242,10,157,"TP53","LEE12-BRC832",2,3,"","",""
768,242,2,157,"TP53","LEE12-BRC873",3,6,"","",""
769,242,9,157,"TP53","LEE12-BRC6",1,1,"","",""
770,243,1,24,"TP53","AUR12-1",3,6,"","",""
771,244,1,37,"TP53","KIM10-1",2,4,"","",""
772,254,1,54,"TP53","NCI-5889",3,5,"","",""
773,254,10,54,"TP53","NCI-0207",3,11,"","",""
774,254,10,54,"TP53","NCI-5741",4,2,"","",""
775,254,3,54,"TP53","NCI-5687",3,7,"","",""
776,254,3,54,"TP53","NCI-5691",3,3,"","",""
777,254,1,54,"TP53","NCI-5636",4,6,"","",""
778,255,3,1,"TP53","MIT13-80",2,2,"","",""
779,255,1,1,"TP53","MIT13-92",5,7,"","",""
780,255,1,1,"TP53","MIT13-153",4,3,"","",""
781,255,3,1,"TP53","MIT13-169",3,1,"","",""
782,255,11,1,"TP53","MIT13-185",5,5,"","",""
783,255,10,1,"TP53","MIT13-196",5,3,"","",""
784,255,10,1,"TP53","MIT13-203",4,4,"","",""
785,255,10,1,"TP53","MIT13-222",4,,"","",""
786,255,10,1,"TP53","MIT13-348",5,2,"","",""
787,255,3,1,"TP53","MIT13-404",5,1,"","",""
788,255,1,1,"TP53","MIT13-572",4,10,"","",""
789,255,2,1,"TP53","MIT13-614",5,1,"","",""
790,255,1,1,"TP53","MIT13-628",5,14,"","",""
791,255,3,1,"TP53","MIT13-654",3,1,"","",""
792,255,2,1,"TP53","MIT13-780",5,3,"","",""
793,255,1,1,"TP53","MIT13-781",4,10,"","",""
794,255,10,1,"TP53","MIT13-856",4,4,"","",""
795,255,3,1,"TP53","MIT13-873",5,1,"","",""
796,255,10,1,"TP53","MIT13-942",5,5,"","",""
797,255,3,1,"TP53","MIT13-992",4,1,"","",""
798,255,3,32,"TP53","MIT13-1156",3,1,"","",""
799,256,3,3,"TP53","CAR13-2039",,1,"","",""
800,257,2,54,"TP53","CHA13-1",3,3,"","",""
801,258,11,54,"TP53","DEB13-1",1,2,"","",""
802,259,11,3,"TP53","GIA13-1",4,3,"","",""
804,261,9,16,"TP53","HER12-1",1,1,"","",""
805,261,2,16,"TP53","HER12-2",3,1,"","",""
806,261,11,16,"TP53","HER12-3",3,3,"","",""
808,261,11,16,"TP53","HER12-4",3,3,"R337H allele distinct from the Brazilian one","",""
809,262,9,36,"TP53","ISM12-1",2,1,"","",""
810,263,11,36,"TP53","KAT11-1",3,9,"","",""
811,265,11,4,"TP53","MCC12-1",4,3,"","",""
812,265,11,4,"TP53","MCC12-2",4,9,"","",""
813,265,11,4,"TP53","MCC12-3",3,4,"","",""
814,265,11,4,"TP53","MCC12-4",3,5,"","",""
815,265,11,4,"TP53","MCC12-5",3,5,"","",""
816,265,2,4,"TP53","MCC12-6",4,7,"","",""
817,266,9,54,"TP53","MEL12-1",1,1,"","",""
818,266,9,54,"TP53","MEL12-2",1,1,"","",""
819,266,9,54,"TP53","MEL12-3",1,1,"","",""
820,266,9,54,"TP53","MEL12-4",1,1,"","",""
821,266,9,54,"TP53","MEL12-5",1,1,"","",""
822,266,9,54,"TP53","MEL12-6",1,1,"","",""
823,266,9,54,"TP53","MEL12-7",1,1,"","",""
824,266,9,54,"TP53","MEL12-8",1,1,"","",""
825,266,9,54,"TP53","MEL12-9",1,1,"","",""
826,266,9,54,"TP53","MEL12-10",1,1,"","",""
827,266,9,54,"TP53","MEL12-11",1,1,"","",""
828,266,9,54,"TP53","MEL12-12",1,1,"","",""
829,266,9,54,"TP53","MEL12-13",1,1,"","",""
830,266,9,54,"TP53","MEL12-14",1,1,"","",""
831,266,9,54,"TP53","MEL12-15",1,1,"","",""
832,266,9,54,"TP53","MEL12-16",1,1,"","",""
833,266,9,54,"TP53","MEL12-17",1,1,"","",""
834,266,9,54,"TP53","MEL12-18",1,1,"","",""
835,266,9,54,"TP53","MEL12-19",1,1,"","",""
836,266,9,54,"TP53","MEL12-20",1,1,"","",""
837,266,9,54,"TP53","MEL12-21",1,1,"","",""
838,266,9,54,"TP53","MEL12-22",1,1,"","",""
839,266,9,54,"TP53","MEL12-23",1,1,"","",""
840,266,9,54,"TP53","MEL12-24",1,1,"","",""
841,266,9,54,"TP53","MEL12-25",1,1,"","",""
842,266,9,54,"TP53","MEL12-26",1,1,"","",""
843,266,9,54,"TP53","MEL12-27",1,1,"","",""
844,266,9,54,"TP53","MEL12-28",1,1,"","",""
845,266,9,54,"TP53","MEL12-29",1,1,"","",""
846,266,9,54,"TP53","MEL12-30",1,1,"","",""
847,267,11,36,"TP53","YOS13-1",1,6,"","",""
848,268,11,36,"TP53","OSU12-1",1,1,"","",""
849,269,11,138,"TP53","PIN12-HON001",4,3,"","",""
851,270,2,54,"TP53","POW13-1",4,6,"updated with Ref_ID 427","",""
852,271,11,54,"TP53","RAT13-1",,,"","",""
853,271,2,54,"TP53","RAT13-2",,,"","",""
854,271,11,54,"TP53","RAT13-3",2,2,"","",""
855,272,2,36,"TP53","SAK13-1",3,2,"","",""
856,273,1,32,"TP53","SAX10-1",2,2,"","",""
858,274,11,56,"TP53","VIL11-1",,,"","",""
859,274,11,56,"TP53","VIL11-3",,,"","",""
860,274,1,56,"TP53","VIL11-5",,,"","",""
861,274,9,56,"TP53","VIL11-6",,,"","",""
862,274,1,56,"TP53","VIL11-8",,,"","",""
863,275,9,56,"TP53","LFS-MB1",,,"","",""
864,275,9,56,"TP53","LFS-MB2",,,"","",""
865,275,9,56,"TP53","LFS-MB3",,,"","",""
866,275,9,56,"TP53","LFS-MB4",,,"","",""
867,275,9,56,"TP53","LFS-MB5",,,"","",""
868,275,9,56,"TP53","LFS-MB6",,,"","",""
869,276,9,16,"TP53","WAL12-7",1,1,"","",""
870,276,9,16,"TP53","WAL12-18",1,1,"","",""
871,277,9,54,"TP53","WAN13-1",,,"","",""
872,277,9,54,"TP53","WAN13-2",,,"","",""
873,277,9,54,"TP53","WAN13-3",,,"","",""
874,277,9,54,"TP53","WAN13-4",,,"","",""
875,277,9,54,"TP53","WAN13-5",,,"","",""
876,277,9,54,"TP53","WAN13-6",,,"","",""
877,277,9,54,"TP53","WAN13-8",,,"","",""
878,277,9,54,"TP53","WAN13-10",,,"","",""
879,277,9,54,"TP53","WAN13-11",,,"","",""
880,278,1,29,"TP53","WOZ11-1",2,2,"","",""
881,279,1,54,"TP53","WUC11-3",,,"","",""
882,279,1,54,"TP53","WUC11-10",,,"","",""
883,279,1,54,"TP53","WUC11-14",,,"","",""
884,279,1,54,"TP53","WUC11-16",,,"","",""
885,279,1,54,"TP53","WUC11-19",,,"","",""
886,280,9,15,"TP53","ZER13-P1",,,"","",""
887,280,9,15,"TP53","ZER13-P2",,,"","",""
888,280,9,15,"TP53","ZER13-P4",,,"","",""
889,280,9,15,"TP53","ZER13-P5",,,"","",""
890,280,9,15,"TP53","ZER13-P6",,,"","",""
891,281,9,3,"TP53","CUS11-1",1,1,"","",""
892,281,9,3,"TP53","CUS11-2",1,1,"","",""
893,281,9,3,"TP53","CUS11-3",1,1,"","",""
894,281,9,3,"TP53","CUS11-4",1,1,"","",""
895,281,9,3,"TP53","CUS11-5",1,1,"","",""
896,281,9,3,"TP53","CUS11-6",1,1,"","",""
897,281,9,3,"TP53","CUS11-7",1,1,"","",""
898,281,9,3,"TP53","CUS11-8",1,1,"","",""
899,281,9,3,"TP53","CUS11-9",1,1,"","",""
900,281,9,3,"TP53","CUS11-10",1,1,"","",""
901,281,9,3,"TP53","CUS11-11",1,1,"","",""
902,281,9,3,"TP53","CUS11-12",1,1,"","",""
903,281,9,3,"TP53","CUS11-13",1,1,"","",""
904,281,9,3,"TP53","CUS11-14",1,1,"","",""
905,282,11,3,"TP53","LIM11-1",1,1,"","",""
906,284,3,29,"TP53","BEH14-1",2,3,"","",""
907,285,9,4,"TP53/BRCA1","BEL14-1",1,,"","",""
908,286,13,15,"TP53","CAS14-1",1,1,"","",""
909,286,13,15,"TP53","CAS14-2",1,1,"","",""
910,286,13,15,"TP53","CAS14-3",1,1,"","",""
911,286,13,15,"TP53","CAS14-4",1,1,"","",""
912,286,13,15,"TP53","CAS14-5",1,1,"","",""
913,286,13,15,"TP53","CAS14-6",1,1,"","",""
914,286,13,15,"TP53","CAS14-7",1,1,"","",""
915,287,11,6,"TP53","CHA14-1",1,2,"","",""
916,287,11,6,"TP53","CHA14-2",1,2,"","",""
917,287,11,6,"TP53","CHA14-3",1,2,"","",""
918,288,2,37,"TP53","CHO13-1",2,1,"","",""
919,289,14,54,"TP53","CHU15-446",1,2,"","",""
920,290,3,54,"TP53","COU14-1",1,2,"","",""
921,291,13,3,"TP53","CUR14-1",1,3,"","",""
922,291,13,3,"TP53","CUR14-2",2,3,"","",""
923,293,9,15,"TP53","RIC15-1",2,,"childhood tumors in descendants, NOS","",""
924,293,11,15,"TP53","RIC15-2",2,1,"","",""
925,294,1,54,"TP53","JIA14-1",3,7,"","",""
926,295,9,54,"TP53","SER13-1",1,5,"","",""
927,296,11,29,"TP53/BRCA2","MIC14-1",1,3,"Updated info (BRCA2 status) from Dr Izatt","",""
929,297,11,17,"TP53","FOS14-1",1,8,"","",""
930,297,11,17,"TP53","FOS14-2",3,4,"","",""
931,297,11,17,"TP53","FOS14-3",4,8,"","",""
932,298,11,10,"TP53/CDH1","HEI13-1",4,9,"Add info from REF_ID 381","",""
933,299,11,54,"TP53","PIN13-1",3,4,"","",""
934,300,11,16,"TP53","ETZ14-1",4,3,"","",""
935,303,3,4,"TP53","GRA14-1",1,1,"","",""
936,304,2,4,"TP53","HET14-2",1,1,"","",""
937,304,2,4,"TP53","HET14-3",1,1,"","",""
938,304,2,4,"TP53","HET14-4",1,1,"","",""
939,304,3,4,"TP53","HET14-5",1,3,"","",""
940,304,3,4,"TP53","HET14-6",1,2,"","",""
941,304,3,4,"TP53","HET14-7",1,1,"","",""
942,304,3,4,"TP53","HET14-8",1,1,"","",""
943,304,3,4,"TP53","HET14-9",1,1,"","",""
944,304,3,4,"TP53","HET14-10",1,1,"","",""
945,304,3,4,"TP53","HET14-11",1,1,"","",""
946,305,9,54,"TP53","KAN14-1",1,1,"","",""
947,306,9,85,"TP53","MB23",1,1,"","",""
948,306,9,85,"TP53","MB137",1,1,"","",""
949,306,9,85,"TP53","MB145",1,1,"","",""
950,306,9,85,"TP53","MB_FB_081a",1,1,"","",""
951,306,9,85,"TP53","MB_FB_270 Â ",1,1,"","",""
952,306,9,85,"TP53","MB_FB_428",1,1,"","",""
953,307,1,11,"TP53","LEC14-1",2,4,"","",""
954,308,2,54,"TP53","TUN14-798",1,1,"","",""
955,308,2,54,"TP53","TUN14-863",1,1,"","",""
957,309,9,85,"TP53","MIR15-1",1,1,"","",""
958,309,9,85,"TP53","MIR15-2",1,1,"","",""
959,309,9,85,"TP53","MIR15-3",1,1,"","",""
960,309,9,85,"TP53","MIR15-4",1,1,"","",""
961,309,9,85,"TP53","MIR15-5",1,1,"","",""
962,309,9,85,"TP53","MIR15-6",1,1,"","",""
963,309,9,85,"TP53","MIR15-7",1,1,"","",""
964,309,9,85,"TP53","MIR15-8",1,1,"","",""
965,309,9,85,"TP53","MIR15-9",1,1,"","",""
966,309,9,85,"TP53","MIR15-10",1,1,"","",""
967,309,9,85,"TP53","MIR15-11",1,1,"","",""
968,309,9,85,"TP53","MIR15-12",1,1,"","",""
969,309,9,85,"TP53","MIR15-13",1,1,"","",""
970,309,9,85,"TP53","MIR15-14",1,1,"","",""
971,309,9,85,"TP53","MIR15-15",1,1,"","",""
972,309,9,85,"TP53","MIR15-16",1,1,"","",""
973,309,9,85,"TP53","MIR15-17",1,1,"","",""
974,309,9,85,"TP53","MIR15-18",1,1,"","",""
975,309,9,85,"TP53","MIR15-19",1,1,"","",""
976,309,9,85,"TP53","MIR15-20",1,1,"","",""
977,309,9,85,"TP53","MIR15-21",1,1,"","",""
978,309,9,85,"TP53","MIR15-22",1,1,"","",""
979,309,9,85,"TP53","MIR15-23",1,1,"","",""
980,309,9,85,"TP53","MIR15-24",1,1,"","",""
981,309,9,85,"TP53","MIR15-25",1,1,"","",""
982,309,9,85,"TP53","MIR15-26",1,1,"","",""
983,309,9,85,"TP53","MIR15-27",1,1,"","",""
984,309,9,85,"TP53","MIR15-28",1,1,"","",""
985,309,9,85,"TP53","MIR15-29",1,1,"","",""
986,309,9,85,"TP53","MIR15-30",1,1,"","",""
987,309,9,85,"TP53","MIR15-31",1,1,"","",""
988,309,9,85,"TP53","MIR15-32",1,1,"","",""
989,310,2,6,"TP53","WAN14-1",3,7,"","",""
990,311,9,56,"TP53","WAS15-4",1,1,"","",""
991,311,9,56,"TP53","WAS15-6",1,1,"","",""
992,311,9,56,"TP53","WAS15-7",1,1,"","",""
993,311,9,56,"TP53","WAS15-8",1,1,"","",""
994,311,9,56,"TP53","WAS15-9",1,1,"","",""
995,311,9,56,"TP53","WAS15-11",1,1,"","",""
996,311,9,56,"TP53","WAS15-12",1,1,"","",""
997,311,9,56,"TP53","WAS15-13",1,1,"","",""
998,311,9,56,"TP53","WAS15-14",1,1,"","",""
999,311,9,56,"TP53","WAS15-16",1,1,"","",""
1000,311,9,56,"TP53","WAS15-18",1,1,"","",""
1001,311,9,56,"TP53","WAS15-19",1,1,"TP53 mutation: Q52fs (NOS)","",""
1002,311,9,56,"TP53","WAS15-21",1,1,"","",""
1003,311,9,56,"TP53","WAS15-38",1,1,"","",""
1004,311,9,56,"TP53","WAS15-41",1,1,"","",""
1005,311,9,56,"TP53","WAS15-42",1,1,"","",""
1006,311,9,56,"TP53","WAS15-44",1,1,"","",""
1007,311,9,56,"TP53","WAS15-47",1,1,"","",""
1008,311,9,56,"TP53","WAS15-49",1,1,"","",""
1009,311,9,56,"TP53","WAS15-53",1,1,"","",""
1010,311,9,56,"TP53","WAS15-64",1,1,"","",""
1011,311,9,56,"TP53","WAS15-71",1,1,"","",""
1012,312,11,4,"TP53","WON14-1",4,4,"","",""
1013,313,1,46,"TP53","RIB15-1",4,,"no detailed info on tumors and patients","",""
1014,315,1,6,"TP53","YAN15-65",1,1,"","",""
1015,315,13,6,"TP53","YAN15-83",1,1,"","",""
1016,315,13,6,"TP53","YAN15-38",1,1,"","",""
1017,316,3,242,"TP53","YUR15-1",3,2,"","",""
1018,316,3,242,"TP53","YUR15-2",4,2,"","",""
1019,316,3,242,"TP53","YUR15-3",4,1,"","",""
1020,316,3,242,"TP53","YUR15-4",3,1,"","",""
1021,316,3,242,"TP53","YUR15-5",3,1,"","",""
1022,316,3,242,"TP53","YUR15-6",3,3,"","",""
1023,317,1,10,"TP53","KAP15-1",6,10,"","",""
1024,318,11,16,"TP53","SCH15-1",1,3,"","",""
1025,319,2,4,"TP53","ARC15-F1602",1,2,"","",""
1026,319,2,4,"TP53","ARC15-F1603",1,1,"","",""
1027,319,1,4,"TP53","ARC15-F1582",1,1,"","",""
1028,319,1,4,"TP53","ARC15-F1580",1,1,"","",""
1029,319,1,4,"TP53","ARC15-F1583",1,1,"","",""
1030,319,2,4,"TP53","ARC15-F1604",1,1,"","",""
1031,320,11,15,"TP53","PAT15-1",3,,"","",""
1032,320,1,15,"TP53","PAT15-2",2,1,"","",""
1034,321,9,15,"TP53","ZER17-F155",,3,"incomplete pedigree","",""
1035,321,9,15,"TP53","ZER17-F65",,1,"incomplete pedigree","",""
1036,321,9,15,"TP53","ZER17-F24",,2,"incomplete pedigree","",""
1037,321,9,15,"TP53","ZER17-F225",,1,"incomplete pedigree","",""
1038,321,9,15,"TP53","ZER17-F185",,3,"incomplete pedigree","",""
1039,321,9,15,"TP53","ZER17-F161",,1,"incomplete pedigree","",""
1040,321,9,15,"TP53","ZER17-F241",,0,"incomplete pedigree","",""
1041,321,9,15,"TP53","ZER17-F254",,2,"incomplete pedigree","",""
1042,321,9,15,"TP53","ZER17-F267",,2,"incomplete pedigree; updated with RefID-449","",""
1043,321,9,15,"TP53","ZER17-F212",,1,"incomplete pedigree","",""
1044,321,9,15,"TP53","ZER17-F141",,3,"incomplete pedigree","",""
1045,321,9,15,"TP53","ZER17-F209",,1,"incomplete pedigree","",""
1046,321,9,15,"TP53","ZER17-F145",,0,"incomplete pedigree","",""
1047,321,9,15,"TP53","ZER17-F79",,0,"incomplete pedigree","",""
1048,321,9,15,"TP53","ZER17-F26",,2,"incomplete pedigree","",""
1049,321,9,15,"TP53","ZER17-F35",,0,"incomplete pedigree","",""
1050,321,9,15,"TP53","ZER17-F167",,1,"incomplete pedigree","",""
1051,321,9,15,"TP53","ZER17-F56",,0,"incomplete pedigree","",""
1052,321,9,15,"TP53","ZER17-F203",,1,"incomplete pedigree","",""
1053,321,9,15,"TP53","ZER17-F208",,1,"incomplete pedigree","",""
1054,321,9,15,"TP53","ZER17-F211",,2,"incomplete pedigree","",""
1055,321,9,15,"TP53","ZER17-F223",,3,"incomplete pedigree","",""
1056,321,9,15,"TP53","ZER17-F186",,2,"incomplete pedigree; updated with RefID-449","",""
1057,321,9,15,"TP53","ZER17-F146",,0,"incomplete pedigree","",""
1058,321,9,15,"TP53","ZER17-F162",,1,"incomplete pedigree","",""
1059,321,9,15,"TP53","ZER17-F28",,0,"incomplete pedigree","",""
1060,321,9,15,"TP53","ZER17-F324",,1,"incomplete pedigree","",""
1061,321,9,15,"TP53","ZER17-F150",,0,"incomplete pedigree","",""
1062,321,9,15,"TP53","ZER17-F204",,1,"incomplete pedigree","",""
1063,321,9,15,"TP53","ZER17-F149",,1,"incomplete pedigree","",""
1064,321,9,15,"TP53","ZER17-F188",,1,"incomplete pedigree","",""
1065,321,9,15,"TP53","ZER17-F41",,0,"incomplete pedigree","",""
1066,321,9,15,"TP53","ZER17-F166",,0,"incomplete pedigree","",""
1067,321,9,15,"TP53","ZER17-F2",,4,"incomplete pedigree","",""
1068,321,9,15,"TP53","ZER17-F206",,2,"incomplete pedigree","",""
1069,321,9,15,"TP53","ZER17-F181",,3,"incomplete pedigree","",""
1070,321,9,15,"TP53","ZER17-F144",,2,"incomplete pedigree","",""
1071,321,9,15,"TP53","ZER17-F179",,0,"incomplete pedigree","",""
1072,321,9,15,"TP53","ZER17-F238",,1,"incomplete pedigree","",""
1073,321,9,15,"TP53","ZER17-F198",,1,"incomplete pedigree","",""
1074,321,9,15,"TP53","ZER17-F148",,2,"incomplete pedigree; updated with RefID-449","",""
1075,321,9,15,"TP53","ZER17-F160",,1,"incomplete pedigree","",""
1076,321,9,15,"TP53","ZER17-F142",,1,"incomplete pedigree","",""
1077,321,9,15,"TP53","ZER17-F77",,2,"incomplete pedigree","",""
1078,321,9,15,"TP53","ZER17-F195",,1,"incomplete pedigree","",""
1079,321,9,15,"TP53","ZER17-F259",,0,"incomplete pedigree","",""
1080,321,9,15,"TP53","ZER17-F216",,1,"incomplete pedigree","",""
1081,321,9,15,"TP53","ZER17-F265",,1,"incomplete pedigree","",""
1082,322,1,34,"TP53/PTEN","AKO16",4,5,"","",""
1083,323,11,3,"TP53","AND17-49",2,6,"","",""
1084,323,8,3,"TP53","AND17-50",3,2,"","",""
1085,323,11,3,"TP53","AND17-28",2,3,"","",""
1086,323,1,3,"TP53","AND17-12",4,5,"","",""
1087,323,11,3,"TP53","AND17-36",3,6,"","",""
1088,323,8,3,"TP53","AND17-53",3,6,"","",""
1089,323,1,3,"TP53","AND17-35",2,4,"","",""
1090,323,11,3,"TP53","AND17-25",2,1,"","",""
1091,324,3,3,"TP53","AND18-1",2,1,"","",""
1092,326,4,15,"TP53","BRE18-1",2,5,"","",""
1093,327,11,54,"TP53","BUZ17-1",2,2,"","",""
1094,328,3,157,"TP53","CHA17-1",1,1,"","",""
1096,329,2,54,"TP53","CHU15-UPIN04",1,2,"Famliy history: leukemia, brain, lung","",""
1097,329,2,54,"TP53","CHU15-UPIN60",1,3,"Family history: sarcoma","",""
1099,329,3,54,"TP53","CHU15-UPIN09",1,2,"","",""
1100,330,9,54,"TP53","COR17-1",1,1,"","",""
1101,331,11,54,"TP53","COT18",2,2,"","",""
1102,334,11,54,"TP53","DIN16-1",2,3,"","",""
1103,334,1,54,"TP53","DIN16-2",2,4,"","",""
1104,334,11,54,"TP53","DIN16-3",4,8,"","",""
1105,335,3,29,"TP53","DOB16-1",1,1,"","",""
1106,336,11,19,"TP53","FRA17-1",2,2,"","",""
1108,337,2,90,"TP53","HAM17-MK7",3,6,"","",""
1109,337,2,90,"TP53","HAM17-MK1GG",3,5,"","",""
1110,337,2,90,"TP53","HAM17-MKLR",3,3,"","",""
1111,337,2,90,"TP53","HAM17-MKYE",3,6,"","",""
1112,337,2,90,"TP53","HAM17-MK1FJ",2,2,"","",""
1113,337,2,90,"TP53","HAM17-MK8",2,3,"","",""
1114,337,9,90,"TP53","HAM17-MK1FP",2,2,"","",""
1115,337,2,90,"TP53","HAM17-MK1CL",2,2,"","",""
1116,337,3,90,"TP53","HAM17-MKWE",2,1,"","",""
1117,340,13,16,"TP53","HAU18-1",,,"","",""
1118,340,13,16,"TP53","HAU18-2",,,"","",""
1119,340,13,16,"TP53","HAU18-3",,,"","",""
1120,340,13,16,"TP53","HAU18-4",,,"","",""
1121,340,13,16,"TP53","HAU18-5",,,"","",""
1122,340,13,16,"TP53","HAU18-6",,,"","",""
1123,340,13,16,"TP53","HAU18-7",,,"","",""
1124,340,13,16,"TP53","HAU18-8",,,"","",""
1125,340,13,16,"TP53","HAU18-9",,,"","",""
1126,340,13,16,"TP53","HAU18-10",,,"","",""
1127,340,13,16,"TP53","HAU18-11",,,"","",""
1128,340,13,16,"TP53","HAU18-12",,,"","",""
1129,340,13,16,"TP53","HAU18-13",,,"","",""
1130,340,13,16,"TP53","HAU18-14",,,"","",""
1131,340,13,16,"TP53","HAU18-15",,,"","",""
1132,340,13,16,"TP53","HAU18-16",,,"","",""
1133,340,13,16,"TP53","HAU18-17",,,"","",""
1134,340,13,16,"TP53","HAU18-18",,,"","",""
1135,340,13,16,"TP53","HAU18-19",,,"","",""
1136,340,13,16,"TP53","HAU18-20",,,"","",""
1137,340,13,16,"TP53","HAU18-21",,,"","",""
1138,340,13,16,"TP53","HAU18-22",,,"","",""
1139,340,13,16,"TP53","HAU18-23",,,"","",""
1140,340,13,16,"TP53","HAU18-24",,,"","",""
1141,340,13,16,"TP53","HAU18-25",,,"","",""
1142,340,13,16,"TP53","HAU18-26",,,"","",""
1143,340,13,16,"TP53","HAU18-27",,,"","",""
1144,340,13,16,"TP53","HAU18-28",,,"","",""
1145,340,13,16,"TP53","HAU18-29",,,"","",""
1146,340,13,16,"TP53","HAU18-30",,,"","",""
1147,340,13,16,"TP53","HAU18-31",,,"","",""
1148,340,13,16,"TP53","HAU18-32",,,"","",""
1149,340,13,16,"TP53","HAU18-33",,,"","",""
1150,340,13,16,"TP53","HAU18-34",,,"","",""
1151,340,13,16,"TP53","HAU18-35",,,"","",""
1152,340,13,16,"TP53","HAU18-36",,,"","",""
1153,340,13,16,"TP53","HAU18-37",,,"","",""
1154,340,13,16,"TP53","HAU18-38",,,"","",""
1155,340,13,16,"TP53","HAU18-39",,,"","",""
1156,340,13,16,"TP53","HAU18-40",,,"","",""
1157,340,13,16,"TP53","HAU18-41",,,"","",""
1158,340,13,16,"TP53","HAU18-42",,,"","",""
1159,340,13,16,"TP53","HAU18-43",,,"","",""
1160,340,13,16,"TP53","HAU18-44",,,"","",""
1161,340,13,16,"TP53","HAU18-45",,,"","",""
1162,340,13,16,"TP53","HAU18-46",,,"","",""
1163,340,13,16,"TP53","HAU18-47",,,"","",""
1164,340,13,16,"TP53","HAU18-48",,,"","",""
1165,340,13,16,"TP53","HAU18-49",,,"","",""
1166,340,13,16,"TP53","HAU18-50",,,"","",""
1167,340,13,16,"TP53","HAU18-51",,,"","",""
1168,340,13,16,"TP53","HAU18-52",,,"","",""
1169,340,13,16,"TP53","HAU18-53",,,"","",""
1170,340,13,16,"TP53","HAU18-54",,,"","",""
1171,340,13,16,"TP53","HAU18-55",,,"","",""
1172,341,3,54,"TP53","HAY17-P1",1,1,"","",""
1173,342,2,54,"TP53","HEK16-1",2,2,"","",""
1174,342,9,54,"TP53","HEK16-2",,,"","",""
1175,343,9,85,"TP53","HUA18-1",,,"TCGA case","",""
1176,343,9,85,"TP53","HUA18-2",,,"TCGA case","",""
1177,343,9,85,"TP53","HUA18-3",,,"TCGA case","",""
1178,343,9,85,"TP53","HUA18-4",,,"TCGA case","",""
1179,343,9,85,"TP53","HUA18-5",,,"TCGA case","",""
1180,343,9,85,"TP53","HUA18-6",,,"TCGA case","",""
1181,343,9,85,"TP53","HUA18-7",,,"TCGA case","",""
1182,343,9,85,"TP53","HUA18-8",,,"TCGA case","",""
1183,343,9,85,"TP53","HUA18-9",,,"TCGA case","",""
1184,343,9,85,"TP53","HUA18-10",,,"TCGA case","",""
1185,343,9,85,"TP53","HUA18-11",,,"TCGA case","",""
1186,343,9,85,"TP53","HUA18-12",,,"TCGA case","",""
1187,343,9,85,"TP53","HUA18-13",,,"TCGA case","",""
1188,343,9,85,"TP53","HUA18-14",,,"TCGA case","",""
1189,343,9,85,"TP53","HUA18-15",,,"TCGA case","",""
1190,343,9,85,"TP53","HUA18-16",,,"TCGA case","",""
1191,343,9,85,"TP53","HUA18-17",,,"TCGA case","",""
1192,343,9,85,"TP53","HUA18-18",,,"TCGA case","",""
1193,343,9,85,"TP53","HUA18-19",,,"TCGA case","",""
1194,343,9,85,"TP53","HUA18-20",,,"TCGA case","",""
1195,343,9,85,"TP53","HUA18-21",,,"TCGA case","",""
1196,344,11,6,"TP53","HUH16-1",3,7,"","",""
1197,345,13,147,"TP53","JAL17-4",,,"","",""
1198,345,13,147,"TP53","JAL17-31",,,"","",""
1199,346,3,54,"TP53","JHA15-1",1,4,"","",""
1200,347,11,6,"TP53","JIM18-1",4,7,"","",""
1201,348,1,54,"TP53","KEE16-HIP21264",3,10,"","",""
1202,348,1,54,"TP53","KEE16-HIP01569",2,4,"","",""
1203,348,1,54,"TP53","KEE16-AA79",1,1,"","",""
1204,349,11,22,"TP53","KRZ17-1",3,6,"","",""
1205,350,2,16,"TP53","KUH17-1",2,2,"","",""
1206,351,13,6,"TP53","KWO16-1",,,"","",""
1207,351,13,6,"TP53","KWO16-2",,,"","",""
1208,351,13,6,"TP53","KWO16-3",,,"","",""
1209,351,13,6,"TP53","KWO16-4",,,"","",""
1210,351,13,6,"TP53","KWO16-5",,,"","",""
1212,352,13,1,"TP53","LIJ16-71",3,4,"","",""
1213,352,13,1,"TP53","LIJ16-72",4,18,"","",""
1214,352,13,1,"TP53","LIJ16-73",2,3,"","",""
1215,352,13,1,"TP53","LIJ16-74",2,4,"","",""
1216,352,13,1,"TP53","LIJ16-75",2,2,"","",""
1217,352,13,1,"TP53","LIJ16-76",4,6,"","",""
1218,353,13,50,"TP53","LIN16-88",1,1,"","",""
1219,353,13,50,"TP53","LIN16-89",1,1,"","",""
1220,354,11,6,"TP53","LIX16-1",1,9,"","",""
1221,355,11,24,"TP53","LLO17-4",,,"","",""
1222,355,11,24,"TP53","LLO17-8",,,"","",""
1223,355,11,24,"TP53","LLO17-12",,,"","",""
1224,355,1,24,"TP53","LLO17-15",,,"","",""
1225,355,1,24,"TP53","LLO17-29",,,"","",""
1226,355,1,24,"TP53","LLO17-30",,,"","",""
1227,355,1,24,"TP53","LLO17-32",,,"","",""
1228,356,3,54,"TP53","MER16-1",1,1,"","",""
1230,356,2,54,"TP53","MER16-2",3,4,"","",""
1231,356,3,54,"TP53","MER16-3",1,1,"","",""
1232,356,2,54,"TP53","MER16-4",3,5,"","",""
1233,356,3,54,"TP53","MER16-5",1,1,"","",""
1234,356,2,54,"TP53","MER16-6",3,16,"","",""
1235,356,2,54,"TP53","MER16-7",1,2,"","",""
1236,356,3,54,"TP53","MER16-8",1,1,"","",""
1237,356,2,54,"TP53","MER16-9",2,3,"","",""
1238,356,2,54,"TP53","MER16-10",1,3,"","",""
1239,358,3,18,"TP53","OSH17-1",1,2,"","",""
1241,358,2,18,"TP53","OSH17-2",2,5,"","",""
1242,357,3,54,"TP53","NAN17-1",2,2,"","",""
1243,357,3,54,"TP53","NAN17-2",1,1,"","",""
1244,357,2,54,"TP53","NAN17-3",1,2,"","",""
1245,357,1,54,"TP53","NAN17-4",2,4,"","",""
1246,359,11,37,"TP53","PAR16-1",1,1,"","",""
1247,359,9,37,"TP53","PAR16-2",1,1,"","",""
1248,359,9,37,"TP53","PAR16-3",1,1,"","",""
1249,359,9,37,"TP53","PAR16-4",1,1,"","",""
1250,359,11,37,"TP53","PAR16-5",1,1,"","",""
1251,359,11,37,"TP53","PAR16-6",1,1,"","",""
1252,359,11,37,"TP53","PAR16-7",1,1,"","",""
1254,359,10,37,"TP53","PAR16-8",1,1,"","",""
1255,360,1,37,"TP53","OHC14-1",4,8,"","",""
1256,362,1,54,"TP53","PARS16-1",1,1,"","",""
1257,362,2,54,"TP53","PARS16-2",1,1,"","",""
1258,364,2,54,"TP53","RUM17-1",1,1,"","",""
1259,365,9,29,"TP53","SAY17-1",1,1,"","",""
1260,365,9,29,"TP53","SAY17-2",1,1,"","",""
1261,365,9,29,"TP53","SAY17-3",1,1,"","",""
1262,365,9,29,"TP53","SAY17-4",1,1,"","",""
1263,365,9,29,"TP53","SAY17-5",1,1,"","",""
1264,365,9,29,"TP53","SAY17-6",1,1,"","",""
1265,361,1,37,"TP53","SHI09-1",3,5,"","",""
1266,366,11,4,"TP53","SCH15-1",3,5,"","",""
1267,367,3,54,"TP53","SHE17-2",1,1,"","",""
1268,368,3,54,"TP53","SHI17-13",1,1,"","",""
1269,369,10,54,"TP53","SIN17-1",5,6,"","",""
1270,370,2,54,"TP53","SLA17-15",1,1,"","",""
1272,371,13,50,"TP53","SUN17-1",2,2,"","",""
1273,373,9,85,"TP53","COU15-1",1,1,"","",""
1274,372,9,6,"TP53","ZA00454",1,1,"","",""
1275,372,9,6,"TP53","ZA00152",1,1,"","",""
1276,372,9,6,"TP53","ZA05148",1,1,"","",""
1277,372,9,6,"TP53","ZA09409",1,1,"","",""
1278,372,9,6,"TP53/BRCA2","ZA04117",1,1,"","",""
1279,372,9,6,"TP53","ZA03846",1,1,"","",""
1280,372,9,6,"TP53","ZA09421",1,1,"","",""
1281,372,9,6,"TP53","ZA09465",1,1,"","",""
1282,372,9,6,"TP53","ZA03659",1,1,"","",""
1283,372,9,6,"TP53","ZA02709",1,1,"","",""
1284,372,9,6,"TP53","ZA03898",1,1,"","",""
1285,372,9,6,"TP53","ZA04606",1,1,"","",""
1286,372,9,6,"TP53","ZA07765",1,1,"","",""
1287,372,9,6,"TP53","ZA05170",1,1,"","",""
1288,372,9,6,"TP53","ZA09529",1,1,"","",""
1289,372,9,6,"TP53/CHEK2","ZA01482",1,1,"","",""
1290,372,9,6,"TP53","ZA07985",1,1,"","",""
1291,372,9,6,"TP53","ZA02231",1,1,"","",""
1292,372,9,6,"TP53","ZA04912",1,1,"","",""
1293,372,9,6,"TP53","ZA02562",1,1,"","",""
1294,372,9,6,"TP53","ZA01545",1,1,"","",""
1295,372,9,6,"TP53","ZA01581",1,1,"","",""
1296,372,9,6,"TP53","ZA02850",1,1,"","",""
1297,372,9,6,"TP53","ZA05423",1,1,"","",""
1298,372,9,6,"TP53","ZA08385",1,1,"","",""
1299,372,9,6,"TP53","ZA02983",1,1,"","",""
1300,372,9,6,"TP53","ZA01449",1,1,"","",""
1301,372,9,6,"TP53","ZA04674",1,1,"","",""
1302,372,9,6,"TP53","ZA07479",1,1,"","",""
1303,372,9,6,"TP53","ZA01123",1,1,"","",""
1304,372,9,6,"TP53","ZA04468",1,1,"","",""
1305,372,9,6,"TP53","ZA03318",1,1,"","",""
1306,372,9,6,"TP53","ZA00559",1,1,"","",""
1307,372,9,6,"TP53","ZA09096",1,1,"","",""
1308,372,9,6,"TP53","ZA05636",1,1,"","",""
1309,372,9,6,"TP53","ZA05544",1,1,"","",""
1310,372,9,6,"TP53","ZA01125",1,1,"","",""
1311,372,9,6,"TP53/BRCA2","ZA01314",1,1,"","",""
1312,374,3,22,"TP53","TRU17-1",1,1,"","",""
1313,375,9,56,"TP53","VIL16-9",,,"","",""
1314,375,9,56,"TP53","VIL16-12",,,"","",""
1315,375,9,56,"TP53","VIL16-16",,,"","",""
1316,375,9,56,"TP53","VIL16-20",,,"","",""
1317,375,9,56,"TP53","VIL16-21",,,"","",""
1318,375,9,56,"TP53","VIL16-24",,,"","",""
1319,375,9,56,"TP53","VIL16-25",,,"","",""
1320,375,9,56,"TP53","VIL16-26",,,"","",""
1321,375,9,56,"TP53","VIL16-27",,,"","",""
1322,375,9,56,"TP53","VIL16-29",,,"","",""
1323,375,9,56,"TP53","VIL16-30",,,"","",""
1324,375,9,56,"TP53","VIL16-31",,,"","",""
1325,375,9,56,"TP53","VIL16-32",,,"","",""
1326,375,9,56,"TP53","VIL16-33",,,"","",""
1327,375,9,56,"TP53","VIL16-34",,,"","",""
1328,375,9,56,"TP53","VIL16-35",,,"","",""
1329,375,9,56,"TP53","VIL16-36",,,"","",""
1330,375,9,56,"TP53","VIL16-37",,,"","",""
1332,376,9,85,"TP53","WAS18-512057",,,"","",""
1333,376,9,85,"TP53","WAS18-ICGC_MB243",,,"","",""
1334,376,9,85,"TP53","WAS18-MBG_72688",,,"","",""
1335,376,9,85,"TP53","WAS18-MBG_90471",,,"","",""
1336,376,9,85,"TP53","WAS18-MDT-AP-1208",,,"","",""
1338,376,9,85,"TP53","WAS18-MDT-AP-2738",,,"","",""
1339,376,9,85,"TP53","WAS18-SJMB345",,,"","",""
1340,376,9,85,"TP53","WAS18-SJMB364",,,"","",""
1341,376,9,85,"TP53","WAS18-SJMB370",,,"","",""
1342,376,9,85,"TP53","WAS18-SJMB383",,,"","",""
1343,377,13,46,"TP53","WON16-LR0009",,,"","",""
1344,377,13,46,"TP53","WON16-131",,,"","",""
1345,377,13,46,"TP53","WON16-158",,,"","",""
1346,377,13,46,"TP53","WON16-HR0054",,,"","",""
1347,377,13,46,"TP53","WON16-980221",,,"","",""
1348,378,1,6,"TP53","XIE17-1",3,3,"","",""
1349,379,2,157,"TP53","YAN17-1",1,1,"","",""
1350,379,3,157,"TP53","YAN17-2",1,1,"","",""
1351,380,11,36,"TP53","YOS17-1",1,3,"","",""
1352,381,11,10,"TP53","ZEB16-1",3,10,"","",""
1354,381,2,10,"TP53","ZEB16-2",2,3,"","",""
1355,382,2,35,"TP53","ZIC17-227",2,6,"","",""
1356,382,2,35,"TP53","ZIC17-242",3,6,"","",""
1357,382,9,35,"TP53","ZIC17-267",1,1,"","",""
1358,382,11,35,"TP53","ZIC17-1002",2,5,"","",""
1359,382,2,35,"TP53","ZIC17-1244",3,3,"","",""
1360,382,2,35,"TP53","ZIC17-Myr",3,2,"","",""
1361,383,9,85,"TP53","ZHA15-SJACT001",1,1,"","",""
1362,383,9,85,"TP53","ZHA15-SJACT002",1,1,"","",""
1363,383,9,85,"TP53","ZHA15-SJACT005",1,1,"","",""
1364,383,9,85,"TP53","ZHA15-SJACT013",1,1,"","",""
1365,383,9,85,"TP53","ZHA15-SJACT014",1,1,"","",""
1366,383,9,85,"TP53","ZHA15-SJACT015",1,1,"","",""
1367,383,9,85,"TP53","ZHA15-SJACT018",1,1,"","",""
1368,383,9,85,"TP53","ZHA15-SJACT025",1,1,"","",""
1369,383,9,85,"TP53","ZHA15-SJEPD008",1,1,"","",""
1370,383,9,85,"TP53","ZHA15-SJHYPO004",1,1,"","",""
1371,383,9,85,"TP53","ZHA15-SJHYPO120",1,1,"","",""
1372,383,9,85,"TP53","ZHA15-SJHYPO126",1,1,"","",""
1373,383,9,85,"TP53","ZHA15-SJOS001119",1,1,"","",""
1374,383,9,85,"TP53","ZHA15-SJOS006",1,1,"","",""
1375,383,9,85,"TP53","ZHA15-SJOS018",1,1,"","",""
1376,383,9,85,"TP53","ZHA15-SJNBL197",1,1,"","",""
1377,383,9,85,"TP53","ZHA15-SJERG016",1,1,"","",""
1378,383,9,85,"TP53","ZHA15-SJE2A024",1,1,"","",""
1379,384,11,54,"TP53","KUM18-3",2,3,"","",""
1380,384,2,54,"TP53","KUM18-6",2,1,"","",""
1381,384,3,54,"TP53/MSH6","KUM18-1",2,1,"","",""
1382,385,1,54,"TP53","QUI19-1",3,3,"","",""
1383,386,14,49,"TP53","ACE19-1",1,1,"","",""
1384,386,14,49,"TP53","ACE19-2",1,1,"","",""
1385,386,14,49,"TP53","ACE19-3",1,1,"","",""
1386,386,14,49,"TP53","ACE19-4",1,1,"","",""
1387,386,14,49,"TP53","ACE19-5",1,1,"","",""
1388,386,14,49,"TP53","ACE19-6",1,1,"","",""
1389,386,14,49,"TP53","ACE19-7",1,1,"","",""
1392,387,11,43,"TP53","ALH18-1",4,5,"","",""
1393,388,14,27,"TP53","BAK19-1",1,1,"","",""
1394,388,14,27,"TP53","BAK19-2",1,1,"","",""
1395,388,14,27,"TP53","BAK19-3",1,1,"","",""
1396,388,14,27,"TP53","BAK19-4",1,1,"","",""
1397,388,14,27,"TP53","BAK19-5",1,1,"","",""
1398,388,14,27,"TP53","BAK19-6",1,1,"","",""
1399,388,14,27,"TP53","BAK19-7",1,1,"","",""
1400,388,14,27,"TP53","BAK19-8",1,1,"","",""
1401,389,2,1,"TP53","BLO18-BALCL3",1,1,"","",""
1402,389,2,1,"TP53","BLO18-BALCL6",1,1,"","",""
1403,390,11,1,"TP53","BRO19-1",4,7,"Parental consanguinity","",""
1404,391,1,67,"TP53/CDH1","CAR18-1",3,8,"","",""
1405,392,9,54,"TP53","CAR18-1",1,1,"","",""
1406,392,9,54,"TP53","CAR18-2",1,1,"","",""
1407,392,9,54,"TP53","CAR18-3",1,1,"","",""
1408,392,9,54,"TP53","CAR18-4",1,1,"","",""
1409,393,11,24,"TP53/BRIP1","CAS18-1",2,2,"","",""
1410,394,2,46,"TP53","CHA18-1",3,7,"","",""
1411,394,1,46,"TP53","CHA18-2",3,4,"","",""
1412,394,2,46,"TP53","CHA18-3",2,5,"","",""
1413,395,9,46,"TP53/NF1","CHAN18-DR615",1,2,"","",""
1414,395,11,46,"TP53","CHAN18-DR678",1,1,"","",""
1415,395,11,46,"TP53","CHAN18-DR383",1,1,"","",""
1416,395,1,46,"TP53","CHAN18-N096",1,1,"","",""
1417,395,2,46,"TP53","CHAN18-N431",2,3,"","",""
1418,396,13,3,"TP53","CIP18-MP003",1,1,"","",""
1420,397,11,27,"TP53","DIE18-18",2,2,"","",""
1421,398,2,14,"TP53","DON18-LuAd14",1,1,"","",""
1422,399,9,38,"TP53","DRA18-1",1,1,"","",""
1424,400,11,3,"TP53","FER19-XIII",3,2,"","",""
1425,400,11,3,"TP53","FER19-XXVII",4,2,"","",""
1426,401,1,23,"TP53","FREI18-1",3,8,"","",""
1427,403,2,38,"TP53","GAL19-1",1,1,"","",""
1428,403,2,38,"TP53","GAL19-2",1,1,"","",""
1429,403,2,38,"TP53","GAL19-3",1,1,"","",""
1430,403,2,38,"TP53","GAL19-4",1,1,"","",""
1431,403,2,38,"TP53","GAL19-5",1,1,"","",""
1432,406,2,58,"TP53","HAJ18-1",2,1,"","",""
1433,406,9,58,"TP53","HAJ18-3",1,1,"","",""
1434,407,11,32,"TP53","HAQ18-SAR19-1",3,9,"","",""
1435,407,10,32,"TP53","HAQ18-SAR19-2",4,12,"","",""
1436,407,1,32,"TP53","HAQ18-SAR19-3",3,,"","",""
1437,407,10,32,"TP53","HAQ18-SAR19-4",3,,"","",""
1438,407,1,32,"TP53","HAQ18-SAR19-5",3,,"","",""
1439,407,1,32,"TP53","HAQ18-SAR19-6",3,,"","",""
1440,407,11,32,"TP53","HAQ18-SAR19-7",3,,"","",""
1441,407,10,32,"TP53","HAQ18-SAR19-8",3,,"","",""
1442,407,11,32,"TP53","HAQ18-SAR19-9",4,,"","",""
1443,407,11,32,"TP53","HAQ18-SAR19-10",4,,"","",""
1444,407,10,32,"TP53","HAQ18-SAR19-11",4,,"","",""
1445,407,1,32,"TP53","HAQ18-SAR19-12",2,,"","",""
1446,407,1,32,"TP53","HAQ18-SAR19-13",,,"","",""
1447,407,11,32,"TP53","HAQ18-SAR19-14",1,,"","",""
1448,407,10,32,"TP53","HAQ18-SAR19-15",4,,"","",""
1449,407,2,32,"TP53","HAQ18-SAR19-16",1,,"","",""
1450,407,11,32,"TP53","HAQ18-SAR19-17",2,,"","",""
1451,407,10,32,"TP53","HAQ18-SAR19-18",4,,"","",""
1452,407,11,32,"TP53","HAQ18-SAR19-19",2,,"","",""
1453,407,11,32,"TP53","HAQ18-SAR19-20",3,,"","",""
1454,407,10,32,"TP53","HAQ18-SAR19-21",2,,"","",""
1455,407,10,32,"TP53","HAQ18-SAR19-22",2,,"","",""
1456,407,11,32,"TP53","HAQ18-SAR19-23",2,,"","",""
1457,407,1,32,"TP53","HAQ18-SAR19-24",3,,"","",""
1458,407,11,32,"TP53","HAQ18-SAR19-25",2,,"","",""
1459,407,10,32,"TP53","HAQ18-SAR19-26",3,,"","",""
1460,407,2,32,"TP53","HAQ18-SAR19-27",2,,"","",""
1461,407,11,32,"TP53","HAQ18-SAR19-28",4,,"","",""
1462,407,11,32,"TP53","HAQ18-SAR19-29",1,,"","",""
1463,407,11,32,"TP53","HAQ18-SAR19-30",2,,"","",""
1464,407,9,32,"TP53","HAQ18-SAR19-31",1,,"","",""
1465,407,11,32,"TP53","HAQ18-SAR19-32",2,,"","",""
1466,407,1,32,"TP53","HAQ18-SAR19-33",3,,"","",""
1467,407,11,32,"TP53","HAQ18-SAR19-34",1,,"","",""
1468,407,11,32,"TP53","HAQ18-SAR19-35",3,,"","",""
1469,407,1,32,"TP53","HAQ18-SAR19-36",3,,"","",""
1470,407,2,32,"TP53","HAQ18-SAR19-37",4,,"","",""
1471,407,11,32,"TP53","HAQ18-SAR19-38",2,,"","",""
1472,407,2,32,"TP53","HAQ18-SAR19-39",2,,"","",""
1473,407,11,32,"TP53","HAQ18-SAR19-40",4,,"","",""
1474,407,11,32,"TP53","HAQ18-SAR19-41",4,,"","",""
1475,407,10,32,"TP53","HAQ18-SAR19-42",4,,"","",""
1476,407,11,32,"TP53","HAQ18-SAR19-43",3,,"","",""
1477,407,11,32,"TP53","HAQ18-SAR19-44",2,,"","",""
1480,407,11,32,"TP53","HAQ18-SAR19-47",2,,"","",""
1481,407,11,32,"TP53","HAQ18-SAR19-48",3,,"","",""
1482,407,2,32,"TP53","HAQ18-SAR19-49",3,,"","",""
1483,407,11,32,"TP53","HAQ18-SAR19-50",2,,"","",""
1484,407,11,32,"TP53","HAQ18-SAR19-51",2,,"","",""
1485,407,11,32,"TP53","HAQ18-SAR19-52",1,,"","",""
1486,407,11,32,"TP53","HAQ18-SAR19-53",4,,"","",""
1487,407,11,32,"TP53","HAQ18-SAR19-54",2,,"","",""
1488,407,10,32,"TP53","HAQ18-SAR19-55",3,,"","",""
1489,407,1,32,"TP53","HAQ18-SAR19-56",3,,"","",""
1490,407,11,32,"TP53","HAQ18-SAR19-57",2,,"","",""
1491,408,1,16,"TP53","HEN19-24333",,,"","",""
1492,408,1,16,"TP53","HEN19-30610",,,"","",""
1493,408,1,16,"TP53","HEN19-40604",,,"","",""
1494,408,1,16,"TP53","HEN19-49196",,,"","",""
1495,408,1,16,"TP53/NF1","HEN19-49197",1,2,"","",""
1496,410,9,54,"TP53","HUC19-1",1,1,"","",""
1497,410,9,54,"TP53","HUC19-2",1,1,"","",""
1498,410,9,54,"TP53","HUC19-3",1,1,"","",""
1499,410,9,54,"TP53","HUC19-4",1,1,"","",""
1500,410,9,54,"TP53","HUC19-5",1,1,"","",""
1501,410,9,54,"TP53","HUC19-6",1,1,"","",""
1502,411,9,36,"TP53/BRCA2","KAN18-BR15-021T",1,1,"","",""
1503,413,9,36,"TP53","HAT18-1",1,1,"","",""
1504,414,3,4,"TP53","GAT18-1",1,1,"","",""
1505,415,3,54,"TP53","ABE19-1",1,1,"","",""
1506,416,11,37,"TP53","BAE19-1",2,4,"","",""
1507,417,11,54,"TP53","DOY18-1",4,4,"","",""
1508,418,11,36,"TP53","FUJ16-1",3,3,"","",""
1509,419,14,6,"TP53","LIJH-1",1,1,"","",""
1510,419,14,6,"TP53","LIJH-2",1,1,"","",""
1511,419,14,6,"TP53","LIJH-3",1,1,"","",""
1512,419,14,6,"TP53","LIJH-4",1,1,"","",""
1513,419,14,6,"TP53","LIJH-5",1,1,"","",""
1514,419,14,6,"TP53","LIJH-6",1,1,"","",""
1515,419,14,6,"TP53","LIJH-7",1,1,"","",""
1516,419,14,6,"TP53","LIJH-8",1,1,"","",""
1517,419,14,6,"TP53","LIJH-9",1,1,"","",""
1518,419,14,6,"TP53","LIJH-10",1,1,"","",""
1519,419,14,6,"TP53","LIJH-11",1,1,"","",""
1520,419,14,6,"TP53","LIJH-12",1,1,"","",""
1521,419,14,6,"TP53","LIJH-13",1,1,"","",""
1522,419,14,6,"TP53","LIJH-14",1,1,"","",""
1523,419,14,6,"TP53","LIJH-15",1,1,"","",""
1524,419,14,6,"TP53","LIJH-16",1,1,"","",""
1525,419,14,6,"TP53","LIJH-17",1,1,"","",""
1526,419,14,6,"TP53","LIJH-18",1,1,"","",""
1527,419,14,6,"TP53","LIJH-19",1,1,"","",""
1528,419,14,6,"TP53","LIJH-20",1,1,"","",""
1529,419,14,6,"TP53","LIJH-21",1,1,"","",""
1530,420,1,47,"TP53","MAC18-1",4,7,"","",""
1531,420,11,47,"TP53","MAC18-2",1,1,"","",""
1532,421,15,24,"TP53","MAR18-2456",1,1,"","",""
1533,422,13,54,"TP53","MEI18-1",1,1,"","",""
1534,422,13,54,"TP53","MEI18-2",1,1,"","",""
1535,422,13,54,"TP53","MEI18-3",1,1,"","",""
1536,422,13,54,"TP53","MEI18-4",1,1,"","",""
1537,423,13,19,"TP53","NUN19-P9",4,6,"","",""
1538,424,2,46,"TP53","OWS-1273",1,1,"","",""
1539,424,3,46,"TP53","OWS-1267",1,1,"","",""
1540,424,2,46,"TP53","OWS-137",1,1,"","",""
1541,424,2,46,"TP53","OWS-10",1,1,"","",""
1542,424,11,46,"TP53","OWS-1264",1,1,"","",""
1543,425,2,16,"TP53","PAH18-1",2,1,"","",""
1544,426,11,54,"TP53","PAL17-1",1,1,"","",""
1545,426,3,54,"TP53","PAL17-2",1,1,"","",""
1546,426,11,54,"TP53","PAL17-3",1,1,"","",""
1548,426,3,54,"TP53","PAL17-4",1,1,"","",""
1549,426,3,54,"TP53","PAL17-5",1,1,"","",""
1550,426,11,54,"TP53","PAL17-6",1,1,"","",""
1551,426,11,54,"TP53","PAL17-7",1,1,"","",""
1552,426,11,54,"TP53","PAL17-8",1,1,"","",""
1553,426,3,54,"TP53","PAL17-9",1,1,"","",""
1554,426,11,54,"TP53","PAL17-10",1,1,"","",""
1555,427,2,54,"TP53","KLE17-1",1,1,"Same family as POW13-1 in RefID 270","",""
1556,428,13,37,"TP53","PAR18-1",1,1,"","",""
1557,428,13,37,"TP53","PAR18-2",1,1,"","",""
1558,429,1,54,"TP53","PAT18-1",2,2,"","",""
1559,430,2,23,"TP53","PAU18-1",1,1,"","",""
1560,433,1,24,"TP53","SAb17-1",1,1,"","",""
1561,434,11,16,"TP53","SCH17-1",2,1,"","",""
1562,436,3,32,"TP53","SIN18-S-0764",1,1,"","",""
1563,436,3,32,"TP53","SIN18-S-4397",1,1,"","",""
1564,436,2,32,"TP53","SIN18-S-4009",1,1,"","",""
1565,436,3,32,"TP53","SIN18-S-2788",1,1,"","",""
1566,436,2,32,"TP53","SIN18-S-3135",1,1,"","",""
1567,436,2,32,"TP53","SIN18-S-3552",1,1,"","",""
1568,436,2,32,"TP53","SIN18-S-0568",1,1,"","",""
1569,436,2,32,"TP53","SIN18-S-3115",1,1,"","",""
1570,436,2,32,"TP53","SIN18-S-0407",1,1,"","",""
1571,436,3,32,"TP53","SIN18-S-3953",1,1,"","",""
1572,436,3,32,"TP53","SIN18-S-4539",1,1,"","",""
1573,436,3,32,"TP53","SIN18-S-5075",1,1,"","",""
1574,436,3,32,"TP53","SIN18-S-1571",1,1,"","",""
1575,436,2,32,"TP53","SIN18-S-0313",1,1,"","",""
1576,436,2,32,"TP53","SIN18-S-4485",1,1,"","",""
1577,436,3,32,"TP53","SIN18-S-2955",1,1,"","",""
1578,436,3,32,"TP53","SIN18-S-4436",1,1,"","",""
1579,436,2,32,"TP53","SIN18-S-4524",1,1,"","",""
1580,436,3,32,"TP53","SIN18-S-1754",1,1,"","",""
1581,436,3,32,"TP53","SIN18-S-3038",1,1,"","",""
1582,436,2,32,"TP53","SIN18-S-1507",1,1,"","",""
1583,436,3,32,"TP53","SIN18-S-1347",1,1,"","",""
1584,436,3,32,"TP53","SIN18-SLS-N25",1,1,"","",""
1585,437,1,4,"TP53","STJ18-2",1,5,"","",""
1586,437,11,4,"TP53","STJ18-3",1,4,"","",""
1587,437,11,4,"TP53","STJ18-4",1,4,"","",""
1588,437,9,4,"TP53","STJ18-5",1,1,"","",""
1589,437,9,4,"TP53","STJ18-6",1,1,"","",""
1590,439,1,13,"TP53","STO18-1",2,3,"","",""
1591,439,10,13,"TP53","STO18-2",2,2,"","",""
1592,439,1,13,"TP53","STO18-3",2,5,"","",""
1593,439,11,13,"TP53","STO18-4",1,2,"","",""
1594,439,1,13,"TP53","STO18-5",3,4,"","",""
1595,439,3,13,"TP53","STO18-6",1,1,"","",""
1596,439,3,13,"TP53","STO18-7",1,1,"","",""
1597,439,2,13,"TP53","STO18-8",1,1,"","",""
1598,439,11,13,"TP53","STO18-9",1,1,"","",""
1599,439,11,13,"TP53","STO18-10",1,1,"","",""
1600,439,1,13,"TP53","STO18-12",2,3,"","",""
1601,439,10,13,"TP53","STO18-13",2,2,"","",""
1602,439,3,13,"TP53","STO18-14",1,2,"","",""
1603,439,10,13,"TP53","STO18-15",1,1,"","",""
1604,440,9,54,"TP53","TAN17-1",1,1,"","",""
1605,441,9,46,"TP53","TAN19-1",1,1,"","",""
1606,442,11,6,"TP53","TAN18-1",2,1,"","",""
1607,443,9,1,"TP53","THO16-1",1,1,"","",""
1608,443,9,1,"TP53","THO16-2",1,1,"","",""
1609,443,9,1,"TP53","THO16-3",1,1,"","",""
1611,444,3,36,"TP53","TOK18-1",1,0,"","",""
1612,444,3,36,"TP53","TOK18-2",1,0,"","",""
1613,445,9,16,"TP53","WEB18-1",1,1,"","",""
1614,445,9,16,"TP53","WEB18-2",1,1,"","",""
1615,445,9,16,"TP53","WEB18-3",1,1,"","",""
1616,446,11,141,"TP53","YAM18-1",2,2,"","",""
1617,447,11,54,"TP53","YUR19-1",1,1,"","",""
1618,448,1,19,"TP53","ZAM16-1",4,10,"","",""
1619,449,11,15,"TP53","REN17-F194",2,3,"","",""
1620,449,11,15,"TP53","REN17-F304",2,1,"","",""
1621,449,11,15,"TP53","REN17-F256",2,1,"","",""
1622,449,11,15,"TP53","REN17-F234",2,2,"","",""
1623,449,11,15,"TP53","REN17-F126",2,2,"","",""
1624,449,11,15,"TP53","REN17-F279",2,2,"","",""
1625,449,11,15,"TP53","REN17-F270",2,2,"","",""
1626,449,11,15,"TP53","REN17-F143",2,2,"","",""
1627,449,11,15,"TP53","REN17-F235",2,1,"","",""
1628,449,11,15,"TP53","REN17-F174",2,1,"","",""
1629,449,11,15,"TP53","REN17-F83",2,2,"","",""
1630,449,11,15,"TP53","REN17-F199",2,2,"","",""
1631,449,11,15,"TP53","REN17-F287",2,3,"","",""
1632,449,11,15,"TP53","REN17-F266",2,1,"","",""
1633,449,11,15,"TP53","REN17-F127",2,2,"","",""
1634,449,11,15,"TP53","REN17-F277",2,2,"","",""
1635,449,11,15,"TP53","REN17-F115",2,2,"","",""
1636,449,11,15,"TP53","REN17-F180",2,2,"","",""
1637,449,11,15,"TP53","REN17-F245",2,3,"","",""
1638,449,11,15,"TP53","REN17-F321",2,2,"","",""
1639,449,11,15,"TP53","REN17-F327",2,0,"","",""
1640,449,11,15,"TP53","REN17-F342",2,2,"","",""
1641,449,2,15,"TP53","REN17-F281",2,0,"","",""
1642,449,11,15,"TP53","REN17-F315",1,1,"","",""
1643,449,11,15,"TP53","REN17-F308",1,1,"","",""
1644,449,11,15,"TP53","REN17-F337",1,1,"","",""
1645,449,11,15,"TP53","REN17-F319",1,1,"","",""
1646,449,11,15,"TP53","REN17-F320",1,1,"","",""
1647,449,2,15,"TP53","REN17-F332",1,2,"","",""
1648,449,11,15,"TP53","REN17-F331",1,3,"","",""
1649,451,2,29,"TP53","PET19-1",1,1,"","",""
1650,451,2,29,"TP53","PET19-2",1,1,"","",""
1652,451,2,29,"TP53","PET19-3",1,1,"","",""
1653,451,2,29,"TP53","PET19-4",1,1,"","",""
1654,451,9,29,"TP53","PET19-5",1,1,"","",""
1655,451,9,29,"TP53","PET19-6",1,1,"","",""
1656,453,3,50,"TP53","WAN18-1",1,2,"","",""
1657,407,2,32,"TP53","HAQ18-SAR19-45",3,,"","",""
1658,407,10,32,"TP53","HAQ18-SAR19-46",3,,"","",""
1659,407,11,32,"TP53","HAQ18-SAR19-58",3,,"","",""
1660,407,1,32,"TP53","HAQ18-SAR19-59",3,,"","",""
1661,407,11,32,"TP53","HAQ18-SAR19-60",3,,"","",""
1662,407,11,32,"TP53","HAQ18-SAR19-61",3,,"","",""
1663,407,11,32,"TP53","HAQ18-SAR19-62",1,,"","",""
1664,407,11,32,"TP53","HAQ18-SAR19-63",2,,"","",""
1665,407,2,32,"TP53","HAQ18-SAR19-64",3,,"","",""
1666,407,11,32,"TP53","HAQ18-SAR19-65",4,,"","",""
1667,407,11,32,"TP53","HAQ18-SAR19-66",2,,"","",""
1668,407,11,32,"TP53","HAQ18-SAR19-67",4,,"","",""
1669,407,11,32,"TP53","HAQ18-SAR19-68",2,,"","",""
1670,407,11,32,"TP53","HAQ18-SAR19-69",1,,"","",""
1671,407,10,32,"TP53","HAQ18-SAR19-70",2,,"","",""
1672,407,11,32,"TP53","HAQ18-SAR19-71",1,,"","",""
1673,407,1,32,"TP53","HAQ18-SAR19-72",2,,"","",""
1674,407,11,32,"TP53","HAQ18-SAR19-73",2,,"","",""
1675,407,11,32,"TP53","HAQ18-SAR19-74",3,,"","",""
1676,407,1,32,"TP53","HAQ18-SAR19-75",4,,"","",""
1677,407,2,32,"TP53","HAQ18-SAR19-76",4,,"","",""
1678,407,2,32,"TP53","HAQ18-SAR19-77",2,,"","",""
1679,407,2,32,"TP53","HAQ18-SAR19-78",2,,"","",""
1680,407,9,32,"TP53","HAQ18-SAR19-79",1,,"","",""
1681,407,11,32,"TP53","HAQ18-SAR19-80",3,,"","",""
1682,407,2,32,"TP53","HAQ18-SAR19-81",3,,"","",""
1683,407,11,32,"TP53","HAQ18-SAR19-82",3,,"","",""
1684,407,2,32,"TP53","HAQ18-SAR19-83",2,,"","",""
1685,407,11,32,"TP53","HAQ18-SAR19-84",2,,"","",""
1686,407,2,32,"TP53","HAQ18-SAR19-85",2,,"","",""
1687,407,11,32,"TP53","HAQ18-SAR19-86",2,,"","",""
1688,407,11,32,"TP53","HAQ18-SAR19-87",3,,"","",""
1689,407,2,32,"TP53","HAQ18-SAR19-88",2,,"","",""
1690,407,2,32,"TP53","HAQ18-SAR19-89",2,,"","",""
1691,407,11,32,"TP53","HAQ18-SAR19-90",2,,"","",""
1692,407,9,32,"TP53","HAQ18-SAR19-91",1,,"","",""
1693,407,11,32,"TP53","HAQ18-SAR19-92",4,,"","",""
1694,407,3,32,"TP53","HAQ18-SAR19-93",2,,"","",""
1695,407,3,32,"TP53","HAQ18-SAR19-94",1,,"","",""

1,620 rows selected. 

