"Induced_ID","IRef_ID","MUT_ID","Exposure_ID","Model","Clone_ID","Add_Info"
1,1,3126,41,"Hupki MEF","L95 HUF (R/P)",""
2,1,1392,41,"Hupki MEF","L96 HUF (R/P)",""
3,1,4021,41,"Hupki MEF","L96 HUF (R/P)",""
4,1,4213,41,"Hupki MEF","L97 HUF (R/P)",""
5,1,3730,41,"Hupki MEF","L98 HUF (R/P)",""
6,1,1056,41,"Hupki MEF","L99 HUF (R/P)",""
7,1,1467,41,"Hupki MEF","L104 HUF (R/P)",""
8,1,1876,41,"Hupki MEF","L104 HUF (R/P)",""
9,1,1397,41,"Hupki MEF","L112 HUF (R/P)",""
10,1,2026,41,"Hupki MEF","L113 HUF (R/P)",""
11,1,2033,41,"Hupki MEF","L113 HUF (R/P)",""
12,1,3494,41,"Hupki MEF","L114 HUF (R/P)",""
13,1,2224,41,"Hupki MEF","L115 HUF (R/P)",""
14,1,2644,41,"Hupki MEF","L128 HUF (P/P)",""
15,1,3314,41,"Hupki MEF","L129 HUF (P/P)",""
16,1,1467,41,"Hupki MEF","L130 HUF (P/P)",""
17,1,525,41,"Hupki MEF","L152 HUF (P/P)",""
18,1,1467,41,"Hupki MEF","L153 HUF (P/P)",""
19,1,2425,41,"Hupki MEF","L154 HUF (P/P)",""
20,1,3314,41,"Hupki MEF","L155 HUF (P/P)",""
21,1,2644,41,"Hupki MEF","L156 HUF (P/P)",""
22,1,1956,41,"Hupki MEF","L157 HUF (P/P)",""
23,1,2707,41,"Hupki MEF","L157 HUF (P/P)",""
24,1,1774,41,"Hupki MEF","L158 HUF (P/P)",""
25,1,3245,41,"Hupki MEF","L159 HUF (P/P)",""
26,1,2644,41,"Hupki MEF","L6 HUF (R/R)",""
27,1,2173,41,"Hupki MEF","L7 HUF (R/R)",""
28,1,3854,41,"Hupki MEF","L8 HUF (R/R)",""
29,1,1857,41,"Hupki MEF","L9 HUF (R/R)",""
30,1,5738,41,"Hupki MEF","L9 HUF (R/R)",""
31,1,3864,41,"Hupki MEF","L10 HUF (R/R)",""
32,1,3954,41,"Hupki MEF","L11 HUF (R/R)",""
33,1,2411,41,"Hupki MEF","L12 HUF (R/R)",""
34,1,1382,41,"Hupki MEF","L13 HUF (R/R)",""
35,1,4309,41,"Hupki MEF","L14 HUF (R/R)",""
36,1,1527,41,"Hupki MEF","L15 HUF (R/R)",""
37,1,2558,41,"Hupki MEF","L16 HUF (R/R)",""
38,1,3170,43,"Hupki MEF","MNNG 77 HUF (R/P)",""
39,1,3711,43,"Hupki MEF","MNNG 77 HUF (R/P)",""
40,1,3879,43,"Hupki MEF","MNNG 80 HUF (R/P)",""
41,1,4407,43,"Hupki MEF","MNNG 84 HUF (R/P)",""
42,1,1736,43,"Hupki MEF","MNNG 88 HUF (R/P)",""
43,1,1881,43,"Hupki MEF","MNNG 88 HUF (R/P)",""
44,1,1002,43,"Hupki MEF","MNNG 96 HUF (R/P)",""
45,1,1972,43,"Hupki MEF","MNNG 98 HUF (R/P)",""
46,1,3244,43,"Hupki MEF","MNNG 100 HUF (R/P)",""
47,1,3170,43,"Hupki MEF","MNNG 105 HUF (R/P)",""
48,1,3866,43,"Hupki MEF","MNNG 113 HUF (R/P)",""
49,1,1166,43,"Hupki MEF","MNNG 114 HUF (R/P)",""
50,1,1562,43,"Hupki MEF","MNNG 115 HUF (R/P)",""
51,2,3297,26,"Hupki skin","UV-1",""
52,2,3303,26,"Hupki skin","UV-2",""
53,2,3300,26,"Hupki skin","UV-3",""
54,2,3294,26,"Hupki skin","UV-4",""
55,2,3286,26,"Hupki skin","UV-5",""
56,2,3289,26,"Hupki skin","UV-6",""
57,2,3812,26,"Hupki skin","UV-7",""
58,2,3817,26,"Hupki skin","UV-8",""
59,2,3813,26,"Hupki skin","UV-9",""
60,2,3815,26,"Hupki skin","UV-10",""
61,3,1513,46,"Hupki MEF","HUF-BaP-4",""
62,3,1845,46,"Hupki MEF","HUF-BaP-4",""
63,3,1862,46,"Hupki MEF","HUF-BaP-4",""
64,3,3737,46,"Hupki MEF","HUF-BaP-13",""
65,3,1211,46,"Hupki MEF","HUF-BaP-14",""
66,3,1837,46,"Hupki MEF","HUF-BaP-D14B",""
67,3,2875,46,"Hupki MEF","HUF-BaP-16",""
68,3,1845,46,"Hupki MEF","HUF-BaP-28",""
69,3,1863,46,"Hupki MEF","HUF-BaP-28",""
70,3,3844,46,"Hupki MEF","HUF-BaP-106",""
71,3,3812,46,"Hupki MEF","HUF-BaP-116",""
72,3,3832,46,"Hupki MEF","HUF-BaP-116",""
73,3,3730,45,"Hupki MEF","HUF-CO-15",""
74,3,2425,45,"Hupki MEF","HUF-CO-17",""
75,3,1467,45,"Hupki MEF","HUF-CO-II5",""
76,3,3604,45,"Hupki MEF","HUF-CO-II11",""
77,3,3326,45,"Hupki MEF","HUF-CO-IV13",""
78,3,1247,45,"Hupki MEF","HUF-CO-IV21",""
79,4,1354,47,"Hupki MEF","HUF-3NBA-J-256",""
80,4,1943,47,"Hupki MEF","HUF-3NBA-J-135",""
81,4,1943,47,"Hupki MEF","HUF-3NBA-J-136",""
82,4,1943,47,"Hupki MEF","HUF-3NBA-J-145",""
83,4,1943,47,"Hupki MEF","HUF-3NBA-J-148",""
84,4,2096,47,"Hupki MEF","HUF-3NBA-J-134",""
85,4,2173,47,"Hupki MEF","HUF-3NBA-J-254",""
86,4,2442,47,"Hupki MEF","HUF-3NBA-J-254",""
87,4,2463,47,"Hupki MEF","HUF-3NBA-J-226",""
88,4,2579,47,"Hupki MEF","HUF-3NBA-J-260",""
89,4,2594,47,"Hupki MEF","HUF-3NBA-J-260",""
90,4,3064,47,"Hupki MEF","HUF-3NBA-J-120",""
91,4,3064,47,"Hupki MEF","HUF-3NBA-J-256",""
92,4,3221,47,"Hupki MEF","HUF-3NBA-J-229",""
93,4,3221,47,"Hupki MEF","HUF-3NBA-J-230",""
94,4,3245,47,"Hupki MEF","HUF-3NBA-J-102",""
95,4,3245,47,"Hupki MEF","HUF-3NBA-J-229",""
96,4,3261,47,"Hupki MEF","HUF-3NBA-J-256",""
97,4,3280,47,"Hupki MEF","HUF-3NBA-J-102",""
98,4,3456,47,"Hupki MEF","HUF-3NBA-J-247",""
99,4,3678,47,"Hupki MEF","HUF-3NBA-J-260",""
100,4,3739,47,"Hupki MEF","HUF-3NBA-J-225",""
101,4,3752,47,"Hupki MEF","HUF-3NBA-J-120",""
102,4,3752,47,"Hupki MEF","HUF-3NBA-J-256",""
103,4,3851,47,"Hupki MEF","HUF-3NBA-J-265",""
104,4,3155,47,"Hupki MEF","HUF-CO-J-224",""
108,4,1467,48,"Hupki MEF","HUF-NOH3A-A-41",""
109,4,1943,48,"Hupki MEF","HUF-NOH3A-A-60",""
110,4,3221,48,"Hupki MEF","HUF-NOH3A-A-42",""
111,4,3245,48,"Hupki MEF","HUF-NOH3A-A-51",""
113,4,1453,45,"Hupki MEF","HUF-CO-J-214",""
114,4,1467,45,"Hupki MEF","HUF-CO-J-224",""
115,4,1509,45,"Hupki MEF","HUF-CO-J-204",""
116,4,1534,45,"Hupki MEF","HUF-CO-J-220",""
117,4,1644,45,"Hupki MEF","HUF-CO-J-220",""
118,4,2584,45,"Hupki MEF","HUF-CO-A-15",""
119,5,1066,45,"Hupki MEF","HUF-CO-1",""
120,5,1166,45,"Hupki MEF","HUF-CO-2",""
121,5,1166,45,"Hupki MEF","HUF-CO-3",""
122,5,1247,45,"Hupki MEF","HUF-CO-4",""
123,5,1412,45,"Hupki MEF","HUF-CO-5",""
124,5,1441,45,"Hupki MEF","HUF-CO-6",""
125,5,1441,45,"Hupki MEF","HUF-CO-7",""
126,5,1467,45,"Hupki MEF","HUF-CO-8",""
127,5,1467,45,"Hupki MEF","HUF-CO-9",""
128,5,1467,45,"Hupki MEF","HUF-CO-10",""
129,5,1467,45,"Hupki MEF","HUF-CO-11",""
130,5,1467,45,"Hupki MEF","HUF-CO-12",""
131,5,1467,45,"Hupki MEF","HUF-CO-13",""
132,5,1467,45,"Hupki MEF","HUF-CO-14",""
133,5,1509,45,"Hupki MEF","HUF-CO-15",""
134,5,1509,45,"Hupki MEF","HUF-CO-16",""
135,5,1534,45,"Hupki MEF","HUF-CO-17",""
136,5,1586,45,"Hupki MEF","HUF-CO-18",""
137,5,1644,45,"Hupki MEF","HUF-CO-19",""
138,5,1876,45,"Hupki MEF","HUF-CO-20",""
139,5,1912,45,"Hupki MEF","HUF-CO-21",""
140,5,1905,45,"Hupki MEF","HUF-CO-22",""
141,5,2094,45,"Hupki MEF","HUF-CO-23",""
142,5,2143,45,"Hupki MEF","HUF-CO-24",""
143,5,2173,45,"Hupki MEF","HUF-CO-25",""
144,5,2173,45,"Hupki MEF","HUF-CO-26",""
145,5,2168,45,"Hupki MEF","HUF-CO-27",""
146,5,2166,45,"Hupki MEF","HUF-CO-28",""
147,5,2220,45,"Hupki MEF","HUF-CO-29",""
148,5,2425,45,"Hupki MEF","HUF-CO-30",""
149,5,2446,45,"Hupki MEF","HUF-CO-31",""
150,5,2755,45,"Hupki MEF","HUF-CO-32",""
151,5,3133,45,"Hupki MEF","HUF-CO-33",""
152,5,3155,45,"Hupki MEF","HUF-CO-34",""
153,5,3244,45,"Hupki MEF","HUF-CO-35",""
154,5,3244,45,"Hupki MEF","HUF-CO-36",""
155,5,3245,45,"Hupki MEF","HUF-CO-37",""
156,5,3245,45,"Hupki MEF","HUF-CO-38",""
157,5,3245,45,"Hupki MEF","HUF-CO-39",""
158,5,3245,45,"Hupki MEF","HUF-CO-40",""
159,5,3245,45,"Hupki MEF","HUF-CO-41",""
160,5,3261,45,"Hupki MEF","HUF-CO-42",""
161,5,3326,45,"Hupki MEF","HUF-CO-43",""
162,5,3326,45,"Hupki MEF","HUF-CO-44",""
163,5,3440,45,"Hupki MEF","HUF-CO-45",""
164,5,3440,45,"Hupki MEF","HUF-CO-46",""
165,5,3494,45,"Hupki MEF","HUF-CO-47",""
166,5,3604,45,"Hupki MEF","HUF-CO-48",""
167,5,3729,45,"Hupki MEF","HUF-CO-49",""
168,5,3729,45,"Hupki MEF","HUF-CO-50",""
169,5,3730,45,"Hupki MEF","HUF-CO-51",""
170,5,3730,45,"Hupki MEF","HUF-CO-52",""
171,5,3773,45,"Hupki MEF","HUF-CO-53",""
172,5,3790,45,"Hupki MEF","HUF-CO-54",""
173,5,3850,45,"Hupki MEF","HUF-CO-55",""
174,5,3857,45,"Hupki MEF","HUF-CO-56",""
175,5,3857,45,"Hupki MEF","HUF-CO-57",""
176,5,3866,45,"Hupki MEF","HUF-CO-58",""
177,5,3866,45,"Hupki MEF","HUF-CO-59",""
178,5,3866,45,"Hupki MEF","HUF-CO-60",""
179,5,3856,45,"Hupki MEF","HUF-CO-61",""
180,5,1644,45,"Hupki MEF","HUF-CO-62",""
181,6,2704,49,"Yeast reporter gene assay","BAQ15",""
182,6,2705,49,"Yeast reporter gene assay","BAQ54",""
183,6,3222,49,"Yeast reporter gene assay","BAQ22",""
184,6,3267,49,"Yeast reporter gene assay","BAQ32",""
185,6,3262,49,"Yeast reporter gene assay","BAQ18",""
186,6,3368,49,"Yeast reporter gene assay","BAQ4",""
187,6,3453,49,"Yeast reporter gene assay","BAQ74",""
188,6,3728,49,"Yeast reporter gene assay","BAQ59",""
189,6,3728,49,"Yeast reporter gene assay","BAQ1",""
190,6,3767,49,"Yeast reporter gene assay","BAQ75",""
191,6,3126,50,"Yeast reporter gene assay","DB3",""
192,6,3218,50,"Yeast reporter gene assay","DB13",""
193,6,3728,50,"Yeast reporter gene assay","DB2",""
194,6,3786,50,"Yeast reporter gene assay","DB30",""
195,6,3832,50,"Yeast reporter gene assay","DB48",""
196,6,3857,50,"Yeast reporter gene assay","DB62",""
197,6,1862,53,"Yeast reporter gene assay","F22",""
198,6,2167,53,"Yeast reporter gene assay","F10",""
199,6,2202,53,"Yeast reporter gene assay","F4",""
200,6,3834,53,"Yeast reporter gene assay","F11",""
201,6,3904,53,"Yeast reporter gene assay","F8",""
202,6,1810,53,"Yeast reporter gene assay","AM31",""
203,6,1815,53,"Yeast reporter gene assay","AM38",""
204,6,1857,53,"Yeast reporter gene assay","AM41",""
205,6,2462,53,"Yeast reporter gene assay","AM47",""
206,6,2705,53,"Yeast reporter gene assay","AM23",""
207,6,3834,53,"Yeast reporter gene assay","AM6",""
208,6,3299,50,"Yeast reporter gene assay","DB24",""
209,6,3815,50,"Yeast reporter gene assay","DB24",""
210,6,3299,50,"Yeast reporter gene assay","DB31",""
211,6,3633,50,"Yeast reporter gene assay","DB31",""
212,6,1815,53,"Yeast reporter gene assay","F26",""
213,6,2401,53,"Yeast reporter gene assay","F26",""
214,6,1401,53,"Yeast reporter gene assay","AM7",""
215,6,3470,53,"Yeast reporter gene assay","AM7",""
216,5,1644,45,"Hupki MEF","HUF-CO-63",""
217,7,3602,43,"Yeast reporter gene assay","MNNG-1",""
218,7,2003,43,"Yeast reporter gene assay","MNNG-2",""
219,7,1723,43,"Yeast reporter gene assay","MNNG-3",""
220,7,3187,43,"Yeast reporter gene assay","MNNG-5",""
221,7,2499,43,"Yeast reporter gene assay","MNNG-6",""
222,7,2754,43,"Yeast reporter gene assay","MNNG-9",""
223,7,2901,43,"Yeast reporter gene assay","MNNG-10",""
224,7,3833,43,"Yeast reporter gene assay","MNNG-11",""
225,7,2268,43,"Yeast reporter gene assay","MNNG-17",""
226,7,3813,43,"Yeast reporter gene assay","MNNG-26",""
227,7,1723,43,"Yeast reporter gene assay","MNNG-27",""
228,7,4384,43,"Yeast reporter gene assay","MNNG-30",""
229,7,1964,53,"Yeast reporter gene assay","anti-BPDE-3",""
230,7,2259,53,"Yeast reporter gene assay","anti-BPDE-5",""
231,7,3207,53,"Yeast reporter gene assay","anti-BPDE-15",""
232,7,3280,53,"Yeast reporter gene assay","anti-BPDE-2",""
233,7,3298,53,"Yeast reporter gene assay","anti-BPDE-22",""
234,7,3554,53,"Yeast reporter gene assay","anti-BPDE-18",""
235,7,3899,53,"Yeast reporter gene assay","anti-BPDE-21",""
236,7,1413,54,"Yeast reporter gene assay","BPQ-A22",""
237,7,1458,54,"Yeast reporter gene assay","BPQ-A4",""
238,7,1466,54,"Yeast reporter gene assay","BPQ-A57",""
239,7,1463,54,"Yeast reporter gene assay","BPQ-B90",""
240,7,4506,54,"Yeast reporter gene assay","BPQ-B90",""
241,7,1512,54,"Yeast reporter gene assay","BPQ-I7",""
242,7,1526,54,"Yeast reporter gene assay","BPQ-A10",""
243,7,1684,54,"Yeast reporter gene assay","BPQ-BQ27",""
244,7,2483,54,"Yeast reporter gene assay","BPQ-BQ27",""
245,7,3858,54,"Yeast reporter gene assay","BPQ-BQ27",""
246,7,1718,54,"Yeast reporter gene assay","BPQ-I20",""
247,7,1741,54,"Yeast reporter gene assay","BPQ-BQ10",""
248,7,1774,54,"Yeast reporter gene assay","BPQ-A36",""
249,7,1770,54,"Yeast reporter gene assay","BPQ-BQ11",""
250,7,1630,54,"Yeast reporter gene assay","BPQ-BQ11",""
251,7,1794,54,"Yeast reporter gene assay","BPQ-BQ9",""
252,7,1835,54,"Yeast reporter gene assay","BPQ-A11",""
253,7,1380,54,"Yeast reporter gene assay","BPQ-A11",""
254,7,1939,54,"Yeast reporter gene assay","BPQ-A40",""
255,7,1956,54,"Yeast reporter gene assay","BPQ-A5",""
256,7,1956,54,"Yeast reporter gene assay","BPQ-A3",""
257,7,2003,54,"Yeast reporter gene assay","BPQ-BPQ2",""
258,7,3040,54,"Yeast reporter gene assay","BPQ-BPQ2",""
259,7,2044,54,"Yeast reporter gene assay","BPQ-A17",""
260,7,2172,54,"Yeast reporter gene assay","BPQ-BQ2",""
261,7,2201,54,"Yeast reporter gene assay","BPQ-A48",""
262,7,2220,54,"Yeast reporter gene assay","BPQ-A52",""
263,7,2229,54,"Yeast reporter gene assay","BPQ-BQ24",""
264,7,2266,54,"Yeast reporter gene assay","BPQ-BQ25",""
265,7,2409,54,"Yeast reporter gene assay","BPQ-A39",""
266,7,2457,54,"Yeast reporter gene assay","BPQ-A32",""
267,7,2483,54,"Yeast reporter gene assay","BPQ-A9",""
268,7,2483,54,"Yeast reporter gene assay","BPQ-BQ6",""
269,7,2498,54,"Yeast reporter gene assay","BPQ-BPQ5",""
270,7,2567,54,"Yeast reporter gene assay","BPQ-A15",""
271,7,4147,54,"Yeast reporter gene assay","BPQ-A15",""
272,7,4226,54,"Yeast reporter gene assay","BPQ-A15",""
273,7,2870,54,"Yeast reporter gene assay","BPQ-B96",""
274,7,3067,54,"Yeast reporter gene assay","BPQ-A37",""
275,7,3170,54,"Yeast reporter gene assay","BPQ-I22",""
276,7,3187,54,"Yeast reporter gene assay","BPQ-A23",""
277,7,3207,54,"Yeast reporter gene assay","BPQ-BQ14",""
278,7,3220,54,"Yeast reporter gene assay","BPQ-I11",""
279,7,3220,54,"Yeast reporter gene assay","BPQ-A6",""
280,7,3220,54,"Yeast reporter gene assay","BPQ-A58",""
281,7,3238,54,"Yeast reporter gene assay","BPQ-I27",""
282,7,3265,54,"Yeast reporter gene assay","BPQ-I12",""
283,7,3320,54,"Yeast reporter gene assay","BPQ-BQ8",""
284,7,3326,54,"Yeast reporter gene assay","BPQ-BQ17",""
285,7,3501,54,"Yeast reporter gene assay","BPQ-A34",""
286,7,3559,54,"Yeast reporter gene assay","BPQ-BQ23",""
287,7,3591,54,"Yeast reporter gene assay","BPQ-A18",""
288,7,3636,54,"Yeast reporter gene assay","BPQ-A45",""
289,7,3739,54,"Yeast reporter gene assay","BPQ-A19",""
290,7,3815,54,"Yeast reporter gene assay","BPQ-A43",""
291,7,3833,54,"Yeast reporter gene assay","BPQ-A43",""
292,7,1930,54,"Yeast reporter gene assay","BPQ-A43",""
293,7,3858,54,"Yeast reporter gene assay","BPQ-B100",""
294,7,3899,54,"Yeast reporter gene assay","BPQ-A53",""
295,7,4226,54,"Yeast reporter gene assay","BPQ-A44",""
296,7,4324,54,"Yeast reporter gene assay","BPQ-A55",""
297,7,4360,54,"Yeast reporter gene assay","BPQ-A12",""
298,7,4608,54,"Yeast reporter gene assay","BPQ-B89",""
299,7,3737,43,"Yeast reporter gene assay","MNNG-1",""
300,7,3236,43,"Yeast reporter gene assay","MNNG-10",""
301,7,3948,43,"Yeast reporter gene assay","MNNG-10",""
302,7,2452,43,"Yeast reporter gene assay","MNNG-11",""
303,7,3791,43,"Yeast reporter gene assay","MNNG-11",""
304,8,1717,57,"Yeast reporter gene assay","RC-1",""
305,8,3186,57,"Yeast reporter gene assay","RC-2",""
306,8,2230,57,"Yeast reporter gene assay","RC-3",""
307,8,2457,57,"Yeast reporter gene assay","RC-4",""
308,8,3934,57,"Yeast reporter gene assay","RC-5",""
309,8,4105,57,"Yeast reporter gene assay","RC-6",""
310,8,2994,57,"Yeast reporter gene assay","RC-7",""
311,8,3850,57,"Yeast reporter gene assay","RC-8",""
312,8,3603,57,"Yeast reporter gene assay","RC-9",""
313,8,3372,57,"Yeast reporter gene assay","RC-10",""
314,8,1744,57,"Yeast reporter gene assay","RC-11",""
315,8,2994,57,"Yeast reporter gene assay","RC-12",""
316,8,1741,57,"Yeast reporter gene assay","RC-13",""
317,8,1741,57,"Yeast reporter gene assay","RC-14",""
318,8,3812,57,"Yeast reporter gene assay","RC-15",""
319,8,2182,57,"Yeast reporter gene assay","RC-16",""
320,8,1741,57,"Yeast reporter gene assay","RC-17",""
321,8,3368,57,"Yeast reporter gene assay","RC-18",""
322,8,1607,57,"Yeast reporter gene assay","RC-19",""
323,8,3858,57,"Yeast reporter gene assay","RC-20",""
324,8,3207,57,"Yeast reporter gene assay","RC-21",""
325,8,3812,57,"Yeast reporter gene assay","RC-22",""
326,8,4266,57,"Yeast reporter gene assay","RC-23",""
327,8,3851,57,"Yeast reporter gene assay","RC-24",""
328,8,2201,57,"Yeast reporter gene assay","RC-25",""
329,8,1911,57,"Yeast reporter gene assay","RC-26",""
330,8,1572,57,"Yeast reporter gene assay","RC-27",""
331,8,3459,57,"Yeast reporter gene assay","RC-28",""
332,8,1770,57,"Yeast reporter gene assay","RC-29",""
333,8,2188,57,"Yeast reporter gene assay","RC-30",""
334,8,1792,57,"Yeast reporter gene assay","RC-31",""
335,8,1770,57,"Yeast reporter gene assay","RC-32",""
336,8,3022,57,"Yeast reporter gene assay","RC-33",""
337,8,1876,57,"Yeast reporter gene assay","RC-34",""
338,8,4727,57,"Yeast reporter gene assay","RC-35",""
339,8,3976,55,"Yeast reporter gene assay","1,6-1",""
340,8,3587,55,"Yeast reporter gene assay","1,6-4",""
341,8,3101,55,"Yeast reporter gene assay","1,6-7",""
342,8,4336,55,"Yeast reporter gene assay","1,6-8",""
343,8,2462,55,"Yeast reporter gene assay","1,6-9",""
344,8,3101,55,"Yeast reporter gene assay","1,6-10",""
345,8,2190,55,"Yeast reporter gene assay","1,6-11",""
346,8,1756,55,"Yeast reporter gene assay","1,6-18",""
347,8,1768,55,"Yeast reporter gene assay","1,6-18",""
348,8,2462,55,"Yeast reporter gene assay","1,6-20",""
349,8,656,55,"Yeast reporter gene assay","1,6-21",""
350,8,656,55,"Yeast reporter gene assay","1,6-22",""
351,8,1572,55,"Yeast reporter gene assay","1,6-23",""
352,8,3903,55,"Yeast reporter gene assay","1,6-29",""
353,8,1334,55,"Yeast reporter gene assay","1,6-33",""
354,8,2821,55,"Yeast reporter gene assay","1,6-37",""
355,8,4028,55,"Yeast reporter gene assay","1,6-57",""
356,8,1321,55,"Yeast reporter gene assay","1,6-60",""
357,8,4296,55,"Yeast reporter gene assay","1,6-61",""
358,8,4028,55,"Yeast reporter gene assay","1,6-63",""
359,8,3634,55,"Yeast reporter gene assay","1,6-65",""
360,8,1214,55,"Yeast reporter gene assay","1,6-71",""
361,8,3856,55,"Yeast reporter gene assay","1,6-81",""
362,8,1906,55,"Yeast reporter gene assay","1,6-82",""
363,8,2027,55,"Yeast reporter gene assay","1,6-83",""
364,8,2143,55,"Yeast reporter gene assay","1,6-83",""
365,8,3470,55,"Yeast reporter gene assay","1,6-85",""
366,8,2483,55,"Yeast reporter gene assay","1,6-86",""
367,8,3067,55,"Yeast reporter gene assay","1,6-87",""
368,8,3067,55,"Yeast reporter gene assay","1,6-89",""
369,8,2483,55,"Yeast reporter gene assay","1,6-90",""
370,8,3789,55,"Yeast reporter gene assay","1,6-91",""
371,8,4099,55,"Yeast reporter gene assay","1,6-91",""
372,8,3297,55,"Yeast reporter gene assay","1,6-94",""
373,8,1938,56,"Yeast reporter gene assay","3,6-2",""
374,8,3265,56,"Yeast reporter gene assay","3,6-6",""
375,8,3791,56,"Yeast reporter gene assay","3,6-12",""
376,8,1723,56,"Yeast reporter gene assay","3,6-13",""
377,8,4179,56,"Yeast reporter gene assay","3,6-14",""
378,8,3634,56,"Yeast reporter gene assay","3,6-15",""
379,8,1718,56,"Yeast reporter gene assay","3,6-16",""
380,8,4192,56,"Yeast reporter gene assay","3,6-17",""
381,8,2245,56,"Yeast reporter gene assay","3,6-19",""
382,8,1619,56,"Yeast reporter gene assay","3,6-20",""
383,8,1255,56,"Yeast reporter gene assay","3,6-25",""
384,8,1861,56,"Yeast reporter gene assay","3,6-35",""
385,8,1863,56,"Yeast reporter gene assay","3,6-39",""
386,8,1566,56,"Yeast reporter gene assay","3,6-40",""
387,8,3791,56,"Yeast reporter gene assay","3,6-46",""
388,8,1535,56,"Yeast reporter gene assay","3,6-49",""
389,8,2172,56,"Yeast reporter gene assay","3,6-51",""
390,8,2172,56,"Yeast reporter gene assay","3,6-55",""
391,8,1628,56,"Yeast reporter gene assay","3,6-67",""
392,8,1818,56,"Yeast reporter gene assay","3,6-68",""
393,8,1628,56,"Yeast reporter gene assay","3,6-68",""
394,8,2858,56,"Yeast reporter gene assay","3,6-69",""
395,8,2245,56,"Yeast reporter gene assay","3,6-69",""
396,8,1659,56,"Yeast reporter gene assay","3,6-72",""
397,8,1688,56,"Yeast reporter gene assay","3,6-72",""
398,8,2245,56,"Yeast reporter gene assay","3,6-73",""
399,8,3729,56,"Yeast reporter gene assay","3,6-74",""
400,8,2245,56,"Yeast reporter gene assay","3,6-74",""
401,8,3728,56,"Yeast reporter gene assay","3,6-76",""
402,8,2804,56,"Yeast reporter gene assay","3,6-79",""
403,8,4028,56,"Yeast reporter gene assay","3,6-79",""
404,8,1453,49,"Yeast reporter gene assay","BAQ-69",""
405,8,1458,49,"Yeast reporter gene assay","BAQ-16",""
406,8,2897,49,"Yeast reporter gene assay","BAQ-16",""
407,8,3600,49,"Yeast reporter gene assay","BAQ-16",""
408,8,1688,49,"Yeast reporter gene assay","BAQ-67",""
409,8,3815,49,"Yeast reporter gene assay","BAQ-",""
410,8,1717,49,"Yeast reporter gene assay","BAQ-38",""
411,8,1739,49,"Yeast reporter gene assay","BAQ-38",""
412,8,6205,49,"Yeast reporter gene assay","BAQ-6",""
413,8,1866,49,"Yeast reporter gene assay","BAQ-49",""
414,8,1856,49,"Yeast reporter gene assay","BAQ-25",""
415,8,1972,49,"Yeast reporter gene assay","BAQ-43",""
416,8,2002,49,"Yeast reporter gene assay","BAQ-73",""
417,8,2039,49,"Yeast reporter gene assay","BAQ-23",""
419,8,2235,49,"Yeast reporter gene assay","BAQ-23",""
420,8,2045,49,"Yeast reporter gene assay","BAQ-12",""
421,8,2066,49,"Yeast reporter gene assay","BAQ-20",""
422,8,2066,49,"Yeast reporter gene assay","BAQ-26",""
423,8,3728,49,"Yeast reporter gene assay","BAQ-26",""
424,8,2229,49,"Yeast reporter gene assay","BAQ-27",""
425,8,2259,49,"Yeast reporter gene assay","BAQ-29",""
426,8,2267,49,"Yeast reporter gene assay","BAQ-68",""
427,8,2346,49,"Yeast reporter gene assay","BAQ-21",""
428,8,3854,49,"Yeast reporter gene assay","BAQ-21",""
429,8,2408,49,"Yeast reporter gene assay","BAQ-60",""
430,8,2853,49,"Yeast reporter gene assay","BAQ-60",""
431,8,4106,49,"Yeast reporter gene assay","BAQ-60",""
432,8,4336,49,"Yeast reporter gene assay","BAQ-60",""
433,8,2462,49,"Yeast reporter gene assay","BAQ-24",""
434,8,2458,49,"Yeast reporter gene assay","BAQ-13",""
435,8,2499,49,"Yeast reporter gene assay","BAQ-65",""
436,8,2499,49,"Yeast reporter gene assay","BAQ-61",""
437,8,2560,49,"Yeast reporter gene assay","BAQ-58",""
438,8,2708,49,"Yeast reporter gene assay","BAQ-19",""
439,8,2708,49,"Yeast reporter gene assay","BAQ-11",""
440,8,2772,49,"Yeast reporter gene assay","BAQ-55",""
441,8,3409,49,"Yeast reporter gene assay","BAQ-55",""
442,8,2875,49,"Yeast reporter gene assay","BAQ-56",""
443,8,2897,49,"Yeast reporter gene assay","BAQ-44",""
444,8,6792,49,"Yeast reporter gene assay","BAQ-50",""
445,8,3439,49,"Yeast reporter gene assay","BAQ-64",""
446,8,3524,49,"Yeast reporter gene assay","BAQ-42",""
447,8,3636,49,"Yeast reporter gene assay","BAQ-8",""
448,8,3767,49,"Yeast reporter gene assay","BAQ-9",""
449,8,6793,49,"Yeast reporter gene assay","BAQ-40",""
450,8,3858,49,"Yeast reporter gene assay","BAQ-57",""
451,8,3858,49,"Yeast reporter gene assay","BAQ-10",""
452,8,3905,49,"Yeast reporter gene assay","BAQ-52",""
453,8,3899,49,"Yeast reporter gene assay","BAQ-2",""
454,8,3934,49,"Yeast reporter gene assay","BAQ-5",""
455,8,4453,49,"Yeast reporter gene assay","BAQ-14",""
456,8,1463,50,"Yeast reporter gene assay","DB-46",""
457,8,2145,50,"Yeast reporter gene assay","DB-46",""
458,8,1547,50,"Yeast reporter gene assay","DB-52",""
459,8,2360,50,"Yeast reporter gene assay","DB-52",""
460,8,1574,50,"Yeast reporter gene assay","DB-1",""
461,8,1586,50,"Yeast reporter gene assay","DB-20",""
462,8,2897,50,"Yeast reporter gene assay","DB-20",""
463,8,1605,50,"Yeast reporter gene assay","DB-41",""
464,8,1603,50,"Yeast reporter gene assay","DB-58",""
465,8,1699,50,"Yeast reporter gene assay","DB-58",""
466,8,1644,50,"Yeast reporter gene assay","DB-36",""
467,8,1738,50,"Yeast reporter gene assay","DB-17",""
468,8,1739,50,"Yeast reporter gene assay","DB-25",""
469,8,2899,50,"Yeast reporter gene assay","DB-25",""
470,8,1738,50,"Yeast reporter gene assay","DB-27",""
471,8,1911,50,"Yeast reporter gene assay","DB-6",""
472,8,2003,50,"Yeast reporter gene assay","DB-49",""
473,8,2045,50,"Yeast reporter gene assay","DB-9",""
474,8,2094,50,"Yeast reporter gene assay","DB-21",""
475,8,3414,50,"Yeast reporter gene assay","DB-21",""
476,8,2094,50,"Yeast reporter gene assay","DB-61",""
477,8,2236,50,"Yeast reporter gene assay","DB-33",""
478,8,2245,50,"Yeast reporter gene assay","DB-10",""
479,8,2259,50,"Yeast reporter gene assay","DB-60",""
480,8,2458,50,"Yeast reporter gene assay","DB-5",""
481,8,2462,50,"Yeast reporter gene assay","DB-8",""
482,8,2483,50,"Yeast reporter gene assay","DB-44",""
483,8,2568,50,"Yeast reporter gene assay","DB-11",""
484,8,2708,50,"Yeast reporter gene assay","DB-42",""
485,8,2754,50,"Yeast reporter gene assay","DB-23",""
486,8,2820,50,"Yeast reporter gene assay","DB-50",""
487,8,2997,50,"Yeast reporter gene assay","DB-38",""
488,8,3091,50,"Yeast reporter gene assay","DB-38",""
489,8,3029,50,"Yeast reporter gene assay","DB-14",""
490,8,3068,50,"Yeast reporter gene assay","DB-56",""
491,8,3101,50,"Yeast reporter gene assay","DB-35",""
492,8,3187,50,"Yeast reporter gene assay","DB-40",""
493,8,3191,50,"Yeast reporter gene assay","DB-57",""
494,8,4227,50,"Yeast reporter gene assay","DB-57",""
495,8,3208,50,"Yeast reporter gene assay","DB-19",""
496,8,3208,50,"Yeast reporter gene assay","DB-29",""
497,8,3244,50,"Yeast reporter gene assay","DB-39",""
498,8,3299,50,"Yeast reporter gene assay","DB-63",""
499,8,3617,50,"Yeast reporter gene assay","DB-43",""
500,8,3636,50,"Yeast reporter gene assay","DB-37",""
501,8,3903,50,"Yeast reporter gene assay","DB-4",""
502,8,3903,50,"Yeast reporter gene assay","DB-53",""
503,8,3932,50,"Yeast reporter gene assay","DB-32",""
504,8,4121,50,"Yeast reporter gene assay","DB-7",""
505,8,4164,50,"Yeast reporter gene assay","DB-54",""
506,8,4229,50,"Yeast reporter gene assay","DB-55",""
507,8,4351,50,"Yeast reporter gene assay","DB-45",""
508,8,1046,53,"Yeast reporter gene assay","P-3",""
509,8,1130,53,"Yeast reporter gene assay","P-6",""
510,8,1466,53,"Yeast reporter gene assay","P-6",""
511,8,1210,53,"Yeast reporter gene assay","F-9",""
512,8,2457,53,"Yeast reporter gene assay","F-12",""
513,8,1341,53,"Yeast reporter gene assay","F-18",""
514,8,1740,53,"Yeast reporter gene assay","F-6",""
515,8,6205,53,"Yeast reporter gene assay","F-5",""
516,8,2202,53,"Yeast reporter gene assay","F-23",""
517,8,2239,53,"Yeast reporter gene assay","P-2",""
518,8,2230,53,"Yeast reporter gene assay","F-20",""
519,8,2345,53,"Yeast reporter gene assay","F-25",""
520,8,4121,53,"Yeast reporter gene assay","F-25",""
521,8,3090,53,"Yeast reporter gene assay","F-16",""
522,8,3207,53,"Yeast reporter gene assay","P-5",""
523,8,3206,53,"Yeast reporter gene assay","F-2",""
524,8,3207,53,"Yeast reporter gene assay","F-27",""
525,8,3298,53,"Yeast reporter gene assay","F-27",""
526,8,3553,53,"Yeast reporter gene assay","P-4",""
527,8,3636,53,"Yeast reporter gene assay","F-24",""
528,8,4217,53,"Yeast reporter gene assay","F-3",""
537,8,6603,53,"Yeast reporter gene assay","Am-53","methylated TP53 gene"
538,8,990,53,"Yeast reporter gene assay","Am-26","methylated TP53 gene"
539,8,1212,53,"Yeast reporter gene assay","Am-22","methylated TP53 gene"
540,8,6721,53,"Yeast reporter gene assay","Am-24","methylated TP53 gene"
541,8,1477,53,"Yeast reporter gene assay","Am-57","methylated TP53 gene"
542,8,1527,53,"Yeast reporter gene assay","Am-8","methylated TP53 gene"
543,8,1572,53,"Yeast reporter gene assay","Am-59","methylated TP53 gene"
544,8,1589,53,"Yeast reporter gene assay","Am-42","methylated TP53 gene"
545,8,1740,53,"Yeast reporter gene assay","Am-4","methylated TP53 gene"
546,8,1877,53,"Yeast reporter gene assay","Am-4","methylated TP53 gene"
547,8,3207,53,"Yeast reporter gene assay","Am-4","methylated TP53 gene"
548,8,3298,53,"Yeast reporter gene assay","Am-4","methylated TP53 gene"
549,8,1740,53,"Yeast reporter gene assay","Am-5","methylated TP53 gene"
550,8,1818,53,"Yeast reporter gene assay","Am-18","methylated TP53 gene"
551,8,1810,53,"Yeast reporter gene assay","Am-34","methylated TP53 gene"
552,8,6794,53,"Yeast reporter gene assay","Am-34","methylated TP53 gene"
553,8,2008,53,"Yeast reporter gene assay","Am-39","methylated TP53 gene"
554,8,2229,53,"Yeast reporter gene assay","Am-45","methylated TP53 gene"
555,8,2240,53,"Yeast reporter gene assay","Am-52","methylated TP53 gene"
556,8,2333,53,"Yeast reporter gene assay","Am-55","methylated TP53 gene"
557,8,3207,53,"Yeast reporter gene assay","Am-55","methylated TP53 gene"
558,8,2394,53,"Yeast reporter gene assay","Am-50","methylated TP53 gene"
559,8,2706,53,"Yeast reporter gene assay","Am-32","methylated TP53 gene"
560,8,2705,53,"Yeast reporter gene assay","Am-40","methylated TP53 gene"
561,8,2705,53,"Yeast reporter gene assay","Am-49","methylated TP53 gene"
562,8,4324,53,"Yeast reporter gene assay","Am-49","methylated TP53 gene"
563,8,3005,53,"Yeast reporter gene assay","Am-28","methylated TP53 gene"
564,8,3025,53,"Yeast reporter gene assay","Am-3","methylated TP53 gene"
565,8,3208,53,"Yeast reporter gene assay","Am-10","methylated TP53 gene"
566,8,3294,53,"Yeast reporter gene assay","Am-1","methylated TP53 gene"
567,8,3766,53,"Yeast reporter gene assay","Am-9","methylated TP53 gene"
568,8,3878,53,"Yeast reporter gene assay","Am-48","methylated TP53 gene"
569,8,3878,53,"Yeast reporter gene assay","Am-54","methylated TP53 gene"
570,8,3948,53,"Yeast reporter gene assay","Am-12","methylated TP53 gene"
571,8,3963,53,"Yeast reporter gene assay","Am-15","methylated TP53 gene"
572,8,4227,53,"Yeast reporter gene assay","Am-35","methylated TP53 gene"
573,8,4453,53,"Yeast reporter gene assay","Am-2","methylated TP53 gene"
574,8,6795,53,"Yeast reporter gene assay","Am-11","methylated TP53 gene"
575,8,6796,53,"Yeast reporter gene assay","Am-14","methylated TP53 gene"
587,9,2212,54,"Yeast reporter gene assay","WT-6","Wild-type yeast"
588,9,1722,54,"Yeast reporter gene assay","WT-9A","Wild-type yeast"
589,9,2806,54,"Yeast reporter gene assay","WT-9B","Wild-type yeast"
590,9,2095,54,"Yeast reporter gene assay","WT-11","Wild-type yeast"
591,9,2585,54,"Yeast reporter gene assay","WT-14","Wild-type yeast"
592,9,1755,54,"Yeast reporter gene assay","WT-17","Wild-type yeast"
595,9,5077,54,"Yeast reporter gene assay","WT-19","Wild-type yeast"
596,9,742,54,"Yeast reporter gene assay","WT-25","Wild-type yeast"
597,9,3791,54,"Yeast reporter gene assay","WT-1P","Wild-type yeast"
598,9,3059,54,"Yeast reporter gene assay","WT-2P","Wild-type yeast"
599,9,3025,54,"Yeast reporter gene assay","WT-3P","Wild-type yeast"
600,9,2363,54,"Yeast reporter gene assay","WT-12P","Wild-type yeast"
601,9,1634,54,"Yeast reporter gene assay","WT-19P","Wild-type yeast"
602,9,3263,54,"Yeast reporter gene assay","WT-20P","Wild-type yeast"
603,9,3800,54,"Yeast reporter gene assay","WT-21P","Wild-type yeast"
604,9,1794,54,"Yeast reporter gene assay","WT-23P","Wild-type yeast"
605,9,2808,54,"Yeast reporter gene assay","WT-24AP","Wild-type yeast"
606,9,2897,54,"Yeast reporter gene assay","WT-24BP","Wild-type yeast"
607,9,4360,54,"Yeast reporter gene assay","WT-25P","Wild-type yeast"
608,9,2363,54,"Yeast reporter gene assay","WT-31P","Wild-type yeast"
609,9,1861,54,"Yeast reporter gene assay","WT-39P","Wild-type yeast"
610,9,3899,54,"Yeast reporter gene assay","WT-23Z","Wild-type yeast"
611,9,1811,54,"Yeast reporter gene assay","WT-26Z","Wild-type yeast"
612,9,4453,54,"Yeast reporter gene assay","WT-27Z","Wild-type yeast"
613,9,3706,54,"Yeast reporter gene assay","WT-28Z","Wild-type yeast"
614,9,2259,54,"Yeast reporter gene assay","WT-30Z","Wild-type yeast"
615,9,4462,54,"Yeast reporter gene assay","WT-33Z","Wild-type yeast"
616,9,2537,54,"Yeast reporter gene assay","WT-35Z","Wild-type yeast"
617,9,2182,54,"Yeast reporter gene assay","WT-36Z","Wild-type yeast"
618,9,3787,54,"Yeast reporter gene assay","WT-38Z","Wild-type yeast"
619,9,1721,54,"Yeast reporter gene assay","WT-39Z","Wild-type yeast"
620,9,3790,54,"Yeast reporter gene assay","WT-41Z","Wild-type yeast"
621,9,2382,54,"Yeast reporter gene assay","WT-42Z","Wild-type yeast"
622,9,4360,54,"Yeast reporter gene assay","WT-43Z","Wild-type yeast"
623,9,2050,54,"Yeast reporter gene assay","WT-45Z","Wild-type yeast"
624,9,2050,54,"Yeast reporter gene assay","WT-47Z","Wild-type yeast"
625,9,2760,54,"Yeast reporter gene assay","WT-50Z","Wild-type yeast"
626,9,3899,54,"Yeast reporter gene assay","WT-61Z","Wild-type yeast"
627,9,2231,54,"Yeast reporter gene assay","WT-62Z","Wild-type yeast"
628,9,3349,54,"Yeast reporter gene assay","WT-63Z","Wild-type yeast"
629,9,2708,54,"Yeast reporter gene assay","WT-64Z","Wild-type yeast"
630,9,3901,54,"Yeast reporter gene assay","WT-65Z","Wild-type yeast"
631,9,3168,54,"Yeast reporter gene assay","WT-67ZA","Wild-type yeast"
632,9,4324,54,"Yeast reporter gene assay","WT-67ZB","Wild-type yeast"
633,9,1067,54,"Yeast reporter gene assay","WT-68Z","Wild-type yeast"
634,9,1590,54,"Yeast reporter gene assay","WT-73Z","Wild-type yeast"
635,9,1858,54,"Yeast reporter gene assay","WT-74Z","Wild-type yeast"
636,9,3633,54,"Yeast reporter gene assay","WT-75Z","Wild-type yeast"
637,9,2231,54,"Yeast reporter gene assay","OGG1-1A","OGG1  knock-out yeast"
638,9,2242,54,"Yeast reporter gene assay","OGG1-1B","OGG1  knock-out yeast"
639,9,1399,54,"Yeast reporter gene assay","OGG1-2A","OGG1  knock-out yeast"
640,9,1911,54,"Yeast reporter gene assay","OGG1-2B","OGG1  knock-out yeast"
641,9,1463,54,"Yeast reporter gene assay","OGG1-3","OGG1  knock-out yeast"
642,9,1911,54,"Yeast reporter gene assay","OGG1-4","OGG1  knock-out yeast"
643,9,3903,54,"Yeast reporter gene assay","OGG1-5","OGG1  knock-out yeast"
644,9,1383,54,"Yeast reporter gene assay","OGG1-6","OGG1  knock-out yeast"
645,9,2166,54,"Yeast reporter gene assay","OGG1-8","OGG1  knock-out yeast"
646,9,3189,54,"Yeast reporter gene assay","OGG1-10","OGG1  knock-out yeast"
647,9,3965,54,"Yeast reporter gene assay","OGG1-12","OGG1  knock-out yeast"
648,9,3965,54,"Yeast reporter gene assay","OGG1-13","OGG1  knock-out yeast"
649,9,1972,54,"Yeast reporter gene assay","OGG1-16","OGG1  knock-out yeast"
650,9,3189,54,"Yeast reporter gene assay","OGG1-19","OGG1  knock-out yeast"
651,9,3189,54,"Yeast reporter gene assay","OGG1-20","OGG1  knock-out yeast"
652,9,3965,54,"Yeast reporter gene assay","OGG1-23","OGG1  knock-out yeast"
653,9,3851,54,"Yeast reporter gene assay","OGG1-25","OGG1  knock-out yeast"
654,9,3189,54,"Yeast reporter gene assay","OGG1-27","OGG1  knock-out yeast"
655,9,4066,54,"Yeast reporter gene assay","OGG1-28","OGG1  knock-out yeast"
656,9,3168,54,"Yeast reporter gene assay","OGG1-29A","OGG1  knock-out yeast"
657,9,1930,54,"Yeast reporter gene assay","OGG1-29B","OGG1  knock-out yeast"
658,9,1911,54,"Yeast reporter gene assay","OGG1-30","OGG1  knock-out yeast"
659,9,3259,54,"Yeast reporter gene assay","OGG1-31","OGG1  knock-out yeast"
660,9,3349,54,"Yeast reporter gene assay","OGG1-25Z","OGG1  knock-out yeast"
661,9,3349,54,"Yeast reporter gene assay","OGG1-26Z","OGG1  knock-out yeast"
662,9,3349,54,"Yeast reporter gene assay","OGG1-27Z","OGG1  knock-out yeast"
663,9,3349,54,"Yeast reporter gene assay","OGG1-30Z","OGG1  knock-out yeast"
664,9,3711,54,"Yeast reporter gene assay","OGG1-33ZA","OGG1  knock-out yeast"
665,9,3717,54,"Yeast reporter gene assay","OGG1-33ZB","OGG1  knock-out yeast"
666,9,4224,54,"Yeast reporter gene assay","OGG1-35Z","OGG1  knock-out yeast"
667,9,2266,54,"Yeast reporter gene assay","OGG1-36Z","OGG1  knock-out yeast"
668,9,2182,54,"Yeast reporter gene assay","OGG1-37Z","OGG1  knock-out yeast"
669,9,1770,54,"Yeast reporter gene assay","OGG1-38ZA","OGG1  knock-out yeast"
670,9,1924,54,"Yeast reporter gene assay","OGG1-38ZB","OGG1  knock-out yeast"
671,9,3785,54,"Yeast reporter gene assay","OGG1-39Z","OGG1  knock-out yeast"
672,9,2218,54,"Yeast reporter gene assay","OGG1-40Z","OGG1  knock-out yeast"
673,9,3349,54,"Yeast reporter gene assay","OGG1-41Z","OGG1  knock-out yeast"
674,9,4121,54,"Yeast reporter gene assay","OGG1-44Z","OGG1  knock-out yeast"
675,9,3832,54,"Yeast reporter gene assay","OGG1-45Z","OGG1  knock-out yeast"
676,9,3349,54,"Yeast reporter gene assay","OGG1-46Z","OGG1  knock-out yeast"
677,9,2844,54,"Yeast reporter gene assay","OGG1-48Z","OGG1  knock-out yeast"
678,9,3349,54,"Yeast reporter gene assay","OGG1-51Z","OGG1  knock-out yeast"
679,9,3621,54,"Yeast reporter gene assay","OGG1-53Z","OGG1  knock-out yeast"
680,9,3349,54,"Yeast reporter gene assay","OGG1-54Z","OGG1  knock-out yeast"
681,9,4575,54,"Yeast reporter gene assay","OGG1-55Z","OGG1  knock-out yeast"
682,9,3877,54,"Yeast reporter gene assay","OGG1-56Z","OGG1  knock-out yeast"
683,9,1159,54,"Yeast reporter gene assay","OGG1-57Z","OGG1  knock-out yeast"
684,9,3349,54,"Yeast reporter gene assay","OGG1-59Z","OGG1  knock-out yeast"
685,9,3238,54,"Yeast reporter gene assay","OGG1-60Z","OGG1  knock-out yeast"
686,9,3168,54,"Yeast reporter gene assay","OGG1-63ZA","OGG1  knock-out yeast"
687,9,3225,54,"Yeast reporter gene assay","OGG1-63ZB","OGG1  knock-out yeast"
688,9,1463,54,"Yeast reporter gene assay","OGG1-64Z","OGG1  knock-out yeast"
689,9,3349,54,"Yeast reporter gene assay","OGG1-65Z","OGG1  knock-out yeast"
690,9,2877,54,"Yeast reporter gene assay","OGG1-67ZA","OGG1  knock-out yeast"
691,9,3942,54,"Yeast reporter gene assay","OGG1-67ZB","OGG1  knock-out yeast"
692,9,3369,54,"Yeast reporter gene assay","OGG1-","OGG1  knock-out yeast"
693,9,2423,54,"Yeast reporter gene assay","OGG1-68Z","OGG1  knock-out yeast"
694,9,1770,54,"Yeast reporter gene assay","OGG1-69Z","OGG1  knock-out yeast"
695,9,3728,54,"Yeast reporter gene assay","OGG1-71Z","OGG1  knock-out yeast"
696,9,1863,54,"Yeast reporter gene assay","OGG1-73ZA","OGG1  knock-out yeast"
697,9,3886,54,"Yeast reporter gene assay","OGG1-74ZA","OGG1  knock-out yeast"
698,9,4051,54,"Yeast reporter gene assay","OGG1-74ZB","OGG1  knock-out yeast"
699,9,2182,54,"Yeast reporter gene assay","OGG1-75Z","OGG1  knock-out yeast"
700,9,3349,54,"Yeast reporter gene assay","OGG1-76Z","OGG1  knock-out yeast"
701,9,2450,54,"Yeast reporter gene assay","OGG1-78ZA","OGG1  knock-out yeast"
702,9,4445,54,"Yeast reporter gene assay","OGG1-78ZB","OGG1  knock-out yeast"
703,9,2188,54,"Yeast reporter gene assay","OGG1-79Z","OGG1  knock-out yeast"
704,9,2190,54,"Yeast reporter gene assay","APN1-1","APN1  knock-out yeast"
705,9,1863,54,"Yeast reporter gene assay","APN1-2","APN1  knock-out yeast"
706,9,1619,54,"Yeast reporter gene assay","APN1-3","APN1  knock-out yeast"
707,9,1893,54,"Yeast reporter gene assay","APN1-4","APN1  knock-out yeast"
708,9,3850,54,"Yeast reporter gene assay","APN1-6","APN1  knock-out yeast"
709,9,3341,54,"Yeast reporter gene assay","APN1-7","APN1  knock-out yeast"
710,9,3185,54,"Yeast reporter gene assay","APN1-9","APN1  knock-out yeast"
711,9,3368,54,"Yeast reporter gene assay","APN1-10","APN1  knock-out yeast"
712,9,1139,54,"Yeast reporter gene assay","APN1-11","APN1  knock-out yeast"
713,9,2168,54,"Yeast reporter gene assay","APN1-12","APN1  knock-out yeast"
714,9,3277,54,"Yeast reporter gene assay","APN1-14","APN1  knock-out yeast"
715,9,4020,54,"Yeast reporter gene assay","APN1-15","APN1  knock-out yeast"
716,9,3185,54,"Yeast reporter gene assay","APN1-16","APN1  knock-out yeast"
717,9,2143,54,"Yeast reporter gene assay","APN1-17","APN1  knock-out yeast"
718,9,1622,54,"Yeast reporter gene assay","APN1-18A","APN1  knock-out yeast"
719,9,2211,54,"Yeast reporter gene assay","APN1-18B","APN1  knock-out yeast"
720,9,2168,54,"Yeast reporter gene assay","APN1-19","APN1  knock-out yeast"
721,9,2162,54,"Yeast reporter gene assay","APN1-20","APN1  knock-out yeast"
722,9,1816,54,"Yeast reporter gene assay","APN1-22","APN1  knock-out yeast"
723,9,3153,54,"Yeast reporter gene assay","APN1-23A","APN1  knock-out yeast"
724,9,3739,54,"Yeast reporter gene assay","APN1-23B","APN1  knock-out yeast"
725,9,3067,54,"Yeast reporter gene assay","APN1-24","APN1  knock-out yeast"
726,9,2050,54,"Yeast reporter gene assay","APN1-25A","APN1  knock-out yeast"
727,9,2794,54,"Yeast reporter gene assay","APN1-25B","APN1  knock-out yeast"
728,9,3559,54,"Yeast reporter gene assay","APN1-26","APN1  knock-out yeast"
729,9,2304,54,"Yeast reporter gene assay","APN1-27","APN1  knock-out yeast"
730,9,3559,54,"Yeast reporter gene assay","APN1-28","APN1  knock-out yeast"
731,9,2050,54,"Yeast reporter gene assay","APN1-30A","APN1  knock-out yeast"
732,9,2794,54,"Yeast reporter gene assay","APN1-30B","APN1  knock-out yeast"
733,9,3208,54,"Yeast reporter gene assay","APN1-31","APN1  knock-out yeast"
734,9,4360,54,"Yeast reporter gene assay","APN1-34","APN1  knock-out yeast"
735,9,4121,54,"Yeast reporter gene assay","APN1-39","APN1  knock-out yeast"
736,9,5084,54,"Yeast reporter gene assay","APN1-41","APN1  knock-out yeast"
737,9,3343,54,"Yeast reporter gene assay","APN1-42","APN1  knock-out yeast"
738,9,3800,54,"Yeast reporter gene assay","APN1-43","APN1  knock-out yeast"
739,9,1722,54,"Yeast reporter gene assay","APN1-45","APN1  knock-out yeast"
740,9,3343,54,"Yeast reporter gene assay","APN1-49","APN1  knock-out yeast"
741,9,5079,54,"Yeast reporter gene assay","APN1-50","APN1  knock-out yeast"
742,9,3800,54,"Yeast reporter gene assay","APN1-52","APN1  knock-out yeast"
748,10,1060,46,"Human fibroblasts AG1521 (FASAY)","BaP-1","Mutations identified on RNA by FASAY"
750,10,1214,46,"Human fibroblasts AG1521 (FASAY)","BaP-2","Mutations identified on RNA by FASAY"
751,10,1326,46,"Human fibroblasts AG1521 (FASAY)","BaP-3","Mutations identified on RNA by FASAY"
752,10,1341,46,"Human fibroblasts AG1521 (FASAY)","BaP-4","Mutations identified on RNA by FASAY"
753,10,1340,46,"Human fibroblasts AG1521 (FASAY)","BaP-6","Mutations identified on RNA by FASAY"
754,10,1356,46,"Human fibroblasts AG1521 (FASAY)","BaP-7","Mutations identified on RNA by FASAY"
755,10,6801,46,"Human fibroblasts AG1521 (FASAY)","BaP-8","Mutations identified on RNA by FASAY"
756,10,1558,46,"Human fibroblasts AG1521 (FASAY)","BaP-9","Mutations identified on RNA by FASAY"
757,10,1741,46,"Human fibroblasts AG1521 (FASAY)","BaP-10","Mutations identified on RNA by FASAY"
758,10,1946,46,"Human fibroblasts AG1521 (FASAY)","BaP-11","Mutations identified on RNA by FASAY"
759,10,2143,46,"Human fibroblasts AG1521 (FASAY)","BaP-12","Mutations identified on RNA by FASAY"
760,10,2188,46,"Human fibroblasts AG1521 (FASAY)","BaP-13","Mutations identified on RNA by FASAY"
761,10,2220,46,"Human fibroblasts AG1521 (FASAY)","BaP-14","Mutations identified on RNA by FASAY"
762,10,2240,46,"Human fibroblasts AG1521 (FASAY)","BaP-15","Mutations identified on RNA by FASAY"
763,10,2868,46,"Human fibroblasts AG1521 (FASAY)","BaP-16","Mutations identified on RNA by FASAY"
764,10,3021,46,"Human fibroblasts AG1521 (FASAY)","BaP-17","Mutations identified on RNA by FASAY"
765,10,6802,46,"Human fibroblasts AG1521 (FASAY)","BaP-19","Mutations identified on RNA by FASAY"
766,10,3185,46,"Human fibroblasts AG1521 (FASAY)","BaP-20","Mutations identified on RNA by FASAY"
767,10,3298,46,"Human fibroblasts AG1521 (FASAY)","BaP-21","Mutations identified on RNA by FASAY"
768,10,3297,46,"Human fibroblasts AG1521 (FASAY)","BaP-22","Mutations identified on RNA by FASAY"
769,10,3372,46,"Human fibroblasts AG1521 (FASAY)","BaP-25","Mutations identified on RNA by FASAY"
770,10,3706,46,"Human fibroblasts AG1521 (FASAY)","BaP-28","Mutations identified on RNA by FASAY"
771,10,3800,46,"Human fibroblasts AG1521 (FASAY)","BaP-29","Mutations identified on RNA by FASAY"
772,10,3802,46,"Human fibroblasts AG1521 (FASAY)","BaP-30","Mutations identified on RNA by FASAY"
773,10,3833,46,"Human fibroblasts AG1521 (FASAY)","BaP-31","Mutations identified on RNA by FASAY"
774,10,3844,46,"Human fibroblasts AG1521 (FASAY)","BaP-32","Mutations identified on RNA by FASAY"
775,10,3903,46,"Human fibroblasts AG1521 (FASAY)","BaP-33","Mutations identified on RNA by FASAY"
776,10,3942,46,"Human fibroblasts AG1521 (FASAY)","BaP-35","Mutations identified on RNA by FASAY"
777,10,3976,46,"Human fibroblasts AG1521 (FASAY)","BaP-36","Mutations identified on RNA by FASAY"
778,10,4002,46,"Human fibroblasts AG1521 (FASAY)","BaP-37","Mutations identified on RNA by FASAY"
783,11,1367,1,"Human fibroblasts AG1521 (FASAY)","AFB1-8","Mutations identified on RNA by FASAY"
784,11,1568,1,"Human fibroblasts AG1521 (FASAY)","AFB1-9","Mutations identified on RNA by FASAY"
785,11,1608,1,"Human fibroblasts AG1521 (FASAY)","AFB1-10","Mutations identified on RNA by FASAY"
786,11,1619,1,"Human fibroblasts AG1521 (FASAY)","AFB1-11","Mutations identified on RNA by FASAY"
787,11,1718,1,"Human fibroblasts AG1521 (FASAY)","AFB1-12","Mutations identified on RNA by FASAY"
788,11,1792,1,"Human fibroblasts AG1521 (FASAY)","AFB1-13","Mutations identified on RNA by FASAY"
789,11,2045,1,"Human fibroblasts AG1521 (FASAY)","AFB1-14","Mutations identified on RNA by FASAY"
790,11,2108,1,"Human fibroblasts AG1521 (FASAY)","AFB1-16","Mutations identified on RNA by FASAY"
791,11,2143,1,"Human fibroblasts AG1521 (FASAY)","AFB1-17","Mutations identified on RNA by FASAY"
792,11,2218,1,"Human fibroblasts AG1521 (FASAY)","AFB1-18","Mutations identified on RNA by FASAY"
793,11,2430,1,"Human fibroblasts AG1521 (FASAY)","AFB1-21","Mutations identified on RNA by FASAY"
794,11,2754,1,"Human fibroblasts AG1521 (FASAY)","AFB1-22","Mutations identified on RNA by FASAY"
795,11,2818,1,"Human fibroblasts AG1521 (FASAY)","AFB1-23","Mutations identified on RNA by FASAY"
796,11,3028,1,"Human fibroblasts AG1521 (FASAY)","AFB1-26","Mutations identified on RNA by FASAY"
797,11,3220,1,"Human fibroblasts AG1521 (FASAY)","AFB1-27","Mutations identified on RNA by FASAY"
798,11,6017,1,"Human fibroblasts AG1521 (FASAY)","AFB1-29","Mutations identified on RNA by FASAY"
799,11,3238,1,"Human fibroblasts AG1521 (FASAY)","AFB1-30","Mutations identified on RNA by FASAY"
800,11,3236,1,"Human fibroblasts AG1521 (FASAY)","AFB1-31","Mutations identified on RNA by FASAY"
801,11,3605,1,"Human fibroblasts AG1521 (FASAY)","AFB1-36","Mutations identified on RNA by FASAY"
802,11,3603,1,"Human fibroblasts AG1521 (FASAY)","AFB1-37","Mutations identified on RNA by FASAY"
803,11,3883,1,"Human fibroblasts AG1521 (FASAY)","AFB1-38","Mutations identified on RNA by FASAY"
804,11,3903,1,"Human fibroblasts AG1521 (FASAY)","AFB1-39","Mutations identified on RNA by FASAY"
805,11,3980,1,"Human fibroblasts AG1521 (FASAY)","AFB1-40","Mutations identified on RNA by FASAY"
806,11,4044,1,"Human fibroblasts AG1521 (FASAY)","AFB1-41","Mutations identified on RNA by FASAY"
807,11,4082,1,"Human fibroblasts AG1521 (FASAY)","AFB1-42","Mutations identified on RNA by FASAY"
808,11,4094,1,"Human fibroblasts AG1521 (FASAY)","AFB1-43","Mutations identified on RNA by FASAY"
809,11,4217,1,"Human fibroblasts AG1521 (FASAY)","AFB1-44","Mutations identified on RNA by FASAY"
810,12,1356,58,"Human fibroblasts AG1521 (FASAY)","Ac-7","Mutations identified on RNA by FASAY"
811,12,6681,58,"Human fibroblasts AG1521 (FASAY)","Ac-8","Mutations identified on RNA by FASAY"
812,12,1723,58,"Human fibroblasts AG1521 (FASAY)","Ac-9","Mutations identified on RNA by FASAY"
813,12,2072,58,"Human fibroblasts AG1521 (FASAY)","Ac-10","Mutations identified on RNA by FASAY"
814,12,2207,58,"Human fibroblasts AG1521 (FASAY)","Ac-11","Mutations identified on RNA by FASAY"
815,12,2201,58,"Human fibroblasts AG1521 (FASAY)","Ac-12","Mutations identified on RNA by FASAY"
816,12,2199,58,"Human fibroblasts AG1521 (FASAY)","Ac-13","Mutations identified on RNA by FASAY"
817,12,3236,58,"Human fibroblasts AG1521 (FASAY)","Ac-14","Mutations identified on RNA by FASAY"
818,12,3277,58,"Human fibroblasts AG1521 (FASAY)","Ac-17","Mutations identified on RNA by FASAY"
819,12,3297,58,"Human fibroblasts AG1521 (FASAY)","Ac-18","Mutations identified on RNA by FASAY"
820,12,3318,58,"Human fibroblasts AG1521 (FASAY)","Ac-22","Mutations identified on RNA by FASAY"
821,12,3561,58,"Human fibroblasts AG1521 (FASAY)","Ac-24","Mutations identified on RNA by FASAY"
822,12,3633,58,"Human fibroblasts AG1521 (FASAY)","Ac-25","Mutations identified on RNA by FASAY"
823,12,3730,58,"Human fibroblasts AG1521 (FASAY)","Ac-27","Mutations identified on RNA by FASAY"
824,12,3817,58,"Human fibroblasts AG1521 (FASAY)","Ac-29","Mutations identified on RNA by FASAY"
825,12,3903,58,"Human fibroblasts AG1521 (FASAY)","Ac-31","Mutations identified on RNA by FASAY"
826,12,3948,58,"Human fibroblasts AG1521 (FASAY)","Ac-34","Mutations identified on RNA by FASAY"
827,12,3980,58,"Human fibroblasts AG1521 (FASAY)","Ac-35","Mutations identified on RNA by FASAY"
828,12,4121,58,"Human fibroblasts AG1521 (FASAY)","Ac-37","Mutations identified on RNA by FASAY"
829,12,4142,58,"Human fibroblasts AG1521 (FASAY)","Ac-39","Mutations identified on RNA by FASAY"
830,12,4137,58,"Human fibroblasts AG1521 (FASAY)","Ac-40","Mutations identified on RNA by FASAY"
831,12,4265,58,"Human fibroblasts AG1521 (FASAY)","Ac-41","Mutations identified on RNA by FASAY"
833,10,1334,46,"Human fibroblasts AG1521 (FASAY)","BaP-5","Mutations identified on RNA by FASAY"
834,10,3021,46,"Human fibroblasts AG1521 (FASAY)","BaP-18","Mutations identified on RNA by FASAY"
835,10,3297,46,"Human fibroblasts AG1521 (FASAY)","BaP-23","Mutations identified on RNA by FASAY"
836,10,3297,46,"Human fibroblasts AG1521 (FASAY)","BaP-24","Mutations identified on RNA by FASAY"
837,10,3903,46,"Human fibroblasts AG1521 (FASAY)","BaP-34","Mutations identified on RNA by FASAY"
838,11,2045,1,"Human fibroblasts AG1521 (FASAY)","AFB1-15","Mutations identified on RNA by FASAY"
839,11,2218,1,"Human fibroblasts AG1521 (FASAY)","AFB1-19","Mutations identified on RNA by FASAY"
840,11,2218,1,"Human fibroblasts AG1521 (FASAY)","AFB1-20","Mutations identified on RNA by FASAY"
841,11,2818,1,"Human fibroblasts AG1521 (FASAY)","AFB1-24","Mutations identified on RNA by FASAY"
842,11,2818,1,"Human fibroblasts AG1521 (FASAY)","AFB1-25","Mutations identified on RNA by FASAY"
843,11,3220,1,"Human fibroblasts AG1521 (FASAY)","AFB1-28","Mutations identified on RNA by FASAY"
844,11,3236,1,"Human fibroblasts AG1521 (FASAY)","AFB1-32","Mutations identified on RNA by FASAY"
845,11,3236,1,"Human fibroblasts AG1521 (FASAY)","AFB1-33","Mutations identified on RNA by FASAY"
846,11,3236,1,"Human fibroblasts AG1521 (FASAY)","AFB1-34","Mutations identified on RNA by FASAY"
847,11,3236,1,"Human fibroblasts AG1521 (FASAY)","AFB1-35","Mutations identified on RNA by FASAY"
848,12,3236,58,"Human fibroblasts AG1521 (FASAY)","Ac-15","Mutations identified on RNA by FASAY"
849,12,3236,58,"Human fibroblasts AG1521 (FASAY)","Ac-16","Mutations identified on RNA by FASAY"
850,12,3297,58,"Human fibroblasts AG1521 (FASAY)","Ac-19","Mutations identified on RNA by FASAY"
851,12,3297,58,"Human fibroblasts AG1521 (FASAY)","Ac-20","Mutations identified on RNA by FASAY"
852,12,3297,58,"Human fibroblasts AG1521 (FASAY)","Ac-21","Mutations identified on RNA by FASAY"
853,12,3318,58,"Human fibroblasts AG1521 (FASAY)","Ac-23","Mutations identified on RNA by FASAY"
854,12,3633,58,"Human fibroblasts AG1521 (FASAY)","Ac-26","Mutations identified on RNA by FASAY"
855,12,3730,58,"Human fibroblasts AG1521 (FASAY)","Ac-28","Mutations identified on RNA by FASAY"
856,12,3817,58,"Human fibroblasts AG1521 (FASAY)","Ac-30","Mutations identified on RNA by FASAY"
857,12,3903,58,"Human fibroblasts AG1521 (FASAY)","Ac-32","Mutations identified on RNA by FASAY"
858,12,3903,58,"Human fibroblasts AG1521 (FASAY)","Ac-33","Mutations identified on RNA by FASAY"
859,12,3980,58,"Human fibroblasts AG1521 (FASAY)","Ac-36","Mutations identified on RNA by FASAY"
860,12,4121,58,"Human fibroblasts AG1521 (FASAY)","Ac-38","Mutations identified on RNA by FASAY"
861,13,922,51,"Hupki MEF","XW-BP-91",""
862,13,1414,51,"Human fibroblasts AG1521 (FASAY)","XW-BP-10",""
863,13,1586,51,"Human fibroblasts AG1521 (FASAY)","XW-BP-50",""
864,13,1774,51,"Hupki MEF","XW-BP-83",""
865,13,1849,51,"Hupki MEF","XW-BP-73",""
866,13,2246,51,"Hupki MEF","XW-BP-26",""
867,13,2451,51,"Hupki MEF","XW-BP-17",""
868,13,2463,51,"Hupki MEF","XW-BP-17",""
869,13,2551,51,"Hupki MEF","XW-BP-2",""
870,13,2708,51,"Hupki MEF","XW-BP-50",""
871,13,2876,51,"Hupki MEF","XW-BP-83",""
872,13,3237,51,"Hupki MEF","XW-BP-42",""
873,13,3297,51,"Hupki MEF","XW-BP-16",""
874,13,3297,51,"Hupki MEF","XW-BP-55",""
875,13,3299,51,"Hupki MEF","XW-BP-95",""
876,13,3326,51,"Hupki MEF","XW-BP-2",""
878,13,3739,51,"Hupki MEF","XW-BP-6",""
879,13,3739,51,"Hupki MEF","XW-BP-63",""
880,13,3773,51,"Hupki MEF","XW-BP-9",""
881,13,3953,51,"Hupki MEF","XW-BP-38",""
882,13,308,51,"Hupki-XPAnull MEF","XN-BP-229",""
883,13,625,51,"Hupki-XPAnull MEF","XN-BP-292",""
884,13,1133,51,"Hupki-XPAnull MEF","XN-BP-201",""
885,13,1339,51,"Hupki-XPAnull MEF","XN-BP-294",""
886,13,1395,51,"Hupki-XPAnull MEF","XN-BP-300",""
887,13,1467,51,"Hupki-XPAnull MEF","XN-BP-300",""
888,13,1794,51,"Hupki-XPAnull MEF","XN-BP-204",""
889,13,1845,51,"Hupki-XPAnull MEF","XN-BP-225",""
890,13,1837,51,"Hupki-XPAnull MEF","XN-BP-268",""
891,13,1863,51,"Hupki-XPAnull MEF","XN-BP-225",""
892,13,1863,51,"Hupki-XPAnull MEF","XN-BP-228",""
893,13,2066,51,"Hupki-XPAnull MEF","XN-BP-238",""
894,13,2339,51,"Hupki-XPAnull MEF","XN-BP-206",""
895,13,2341,51,"Hupki-XPAnull MEF","XN-BP-206",""
896,13,2457,51,"Hupki-XPAnull MEF","XN-BP-273",""
897,13,2673,51,"Hupki-XPAnull MEF","XN-BP-278",""
899,13,3185,51,"Hupki-XPAnull MEF","XN-BP-265",""
900,13,3405,51,"Hupki-XPAnull MEF","XN-BP-229",""
901,13,3605,51,"Hupki-XPAnull MEF","XN-BP-299",""
902,13,6723,51,"Hupki-XPAnull MEF","XN-BP-296",""
903,13,3711,51,"Hupki-XPAnull MEF","XN-BP-210",""
904,13,3729,51,"Hupki-XPAnull MEF","XN-BP-237",""
905,13,3738,51,"Hupki-XPAnull MEF","XN-BP-274",""
906,13,3728,51,"Hupki-XPAnull MEF","XN-BP-251",""
908,13,3752,51,"Hupki-XPAnull MEF","XN-BP-254",""
909,13,3878,51,"Hupki-XPAnull MEF","XN-BP-238",""
910,13,5616,51,"Hupki-XPAnull MEF","XN-BP-255",""
911,13,1166,45,"Hupki-XPAnull MEF","XN-C-325",""
912,13,1166,45,"Hupki-XPAnull MEF","XN-C-338",""
913,13,1509,45,"Hupki MEF","XW-C-115",""
914,13,2102,45,"Hupki MEF","XW-C-137",""
915,14,1249,47,"Hupki MEF","XW-3N-9",""
916,14,1863,47,"Hupki MEF","XW-3N-59",""
917,14,1905,47,"Hupki MEF","XW-3N-14",""
919,14,1912,47,"Hupki MEF","XW-3N-15",""
920,14,2145,47,"Hupki MEF","XW-3N-55",""
921,14,2210,47,"Hupki MEF","XW-3N-54",""
922,14,2218,47,"Hupki MEF","XW-3N-8",""
923,14,2223,47,"Hupki MEF","XW-3N-54",""
924,14,2431,47,"Hupki MEF","XW-3N-15",""
925,14,3064,47,"Hupki MEF","XW-3N-7",""
926,14,3294,47,"Hupki MEF","XW-3N-43",""
927,14,3326,47,"Hupki MEF","XW-3N-14",""
928,14,3879,47,"Hupki MEF","XW-3N-37",""
929,14,1837,47,"Hupki-XPAnull MEF","XN-3N-117",""
930,14,1837,47,"Hupki-XPAnull MEF","XN-3N-120",""
931,14,3221,47,"Hupki-XPAnull MEF","XN-3N-137",""
932,14,3237,47,"Hupki-XPAnull MEF","XN-3N-136",""
933,14,3319,47,"Hupki-XPAnull MEF","XN-3N-137",""
934,14,3728,47,"Hupki-XPAnull MEF","XN-3N-156",""
935,14,3739,47,"Hupki-XPAnull MEF","XN-3N-105",""
936,14,3802,47,"Hupki-XPAnull MEF","XN-3N-140",""
937,14,3800,47,"Hupki-XPAnull MEF","XN-3N-141",""
944,15,1644,59,"A549 human lung cell line","BIL15-BZ6","Mutations identified on RNA by FASAY"
945,15,1861,59,"A549 human lung cell line","BIL15-BZ7","Mutations identified on RNA by FASAY"
946,15,2199,59,"A549 human lung cell line","BIL15-BZ8","Mutations identified on RNA by FASAY"
947,15,2705,59,"A549 human lung cell line","BIL15-BZ9","Mutations identified on RNA by FASAY"
948,15,3081,59,"A549 human lung cell line","BIL15-BZ10","Mutations identified on RNA by FASAY"
949,15,3085,59,"A549 human lung cell line","BIL15-BZ11","Mutations identified on RNA by FASAY"
950,15,3087,59,"A549 human lung cell line","BIL15-BZ12","Mutations identified on RNA by FASAY"
951,15,3222,59,"A549 human lung cell line","BIL15-BZ13","Mutations identified on RNA by FASAY"
952,15,3318,59,"A549 human lung cell line","BIL15-BZ14","Mutations identified on RNA by FASAY"
953,15,3392,59,"A549 human lung cell line","BIL15-BZ15","Mutations identified on RNA by FASAY"
954,15,3392,59,"A549 human lung cell line","BIL15-BZ16","Mutations identified on RNA by FASAY"
955,15,3471,59,"A549 human lung cell line","BIL15-BZ17","Mutations identified on RNA by FASAY"
956,15,3739,59,"A549 human lung cell line","BIL15-BZ18","Mutations identified on RNA by FASAY"
957,15,3768,59,"A549 human lung cell line","BIL15-BZ19","Mutations identified on RNA by FASAY"
958,15,3791,59,"A549 human lung cell line","BIL15-BZ20","Mutations identified on RNA by FASAY"
959,15,3896,59,"A549 human lung cell line","BIL15-BZ21","Mutations identified on RNA by FASAY"
960,15,4164,59,"A549 human lung cell line","BIL15-BZ22","Mutations identified on RNA by FASAY"

913 rows selected. 

