AA_ID,Amino_Acid,Three_letter_code,One_letter_code,Polarity,Side_group
0,NA,NA,NA,NA,NA
1,Alanine,Ala,A,P,neutral-hydrophobic
2,Arginine,Arg,R,P,basic
3,Asparagine,Asn,N,P,neutral-polar
4,Aspartate,Asp,D,P,acidic
5,Cysteine,Cys,C,H,neutral-polar
6,Glutamate,Glu,E,P,acidic
7,Glutamine,Gln,Q,P,neutral-polar
8,Glycine,Gly,G,P,neutral-polar
9,Histidine,His,H,P,basic
10,Isoleucine,Ile,I,H,neutral-hydrophobic
11,Leucine,Leu,L,H,neutral-hydrophobic
12,Lysine,Lys,K,P,basic
13,Methionine,Met,M,H,neutral-hydrophobic
14,Phenylalanine,Phe,F,H,neutral-hydrophobic
15,Proline,Pro,P,P,neutral-hydrophobic
16,Serine,Ser,S,P,neutral-polar
17,Stop,Stop,X,NA,NA
18,Threonine,Thr,T,P,neutral-polar
19,Tryptophan,Trp,W,H,neutral-hydrophobic
20,Tyrosine,Tyr,Y,H,neutral-polar
21,Valine,Val,V,H,neutral-hydrophobic
22,Proline/Arginine,Pro/Arg,P/R,na,na
